-- Adminer 4.3.1 MySQL dump

SET NAMES utf8;
SET time_zone = '+00:00';
SET foreign_key_checks = 0;
SET sql_mode = 'NO_AUTO_VALUE_ON_ZERO';

DROP DATABASE IF EXISTS `gameofflags`;
CREATE DATABASE `gameofflags` /*!40100 DEFAULT CHARACTER SET utf8 COLLATE utf8_czech_ci */;
USE `gameofflags`;

DROP TABLE IF EXISTS `flag`;
CREATE TABLE `flag` (
  `ID_flag` int(11) NOT NULL AUTO_INCREMENT,
  `ID_fraction` int(11) NOT NULL,
  `name` varchar(50) CHARACTER SET utf8 NOT NULL,
  `flagWhen` timestamp NOT NULL DEFAULT '0000-00-00 00:00:00',
  `ID_player` int(11) NOT NULL,
  `floor` varchar(20) CHARACTER SET utf8 NOT NULL DEFAULT 'nikde',
  `x` int(11) NOT NULL,
  `y` int(11) NOT NULL,
  `description` varchar(100) CHARACTER SET utf8 NOT NULL,
  `qrCode` varchar(100) CHARACTER SET utf8 NOT NULL,
  `taken` int(11) NOT NULL,
  PRIMARY KEY (`ID_flag`),
  UNIQUE KEY `ID_flag` (`ID_flag`),
  UNIQUE KEY `name` (`name`),
  KEY `ID_fraction` (`ID_fraction`),
  KEY `ID_player` (`ID_player`),
  CONSTRAINT `flag_ibfk_1` FOREIGN KEY (`ID_fraction`) REFERENCES `fraction` (`ID_fraction`),
  CONSTRAINT `flag_ibfk_2` FOREIGN KEY (`ID_player`) REFERENCES `player` (`ID_player`)
) ENGINE=InnoDB AUTO_INCREMENT=11 DEFAULT CHARSET=utf8 COLLATE=utf8_czech_ci;

INSERT INTO `flag` (`ID_flag`, `ID_fraction`, `name`, `flagWhen`, `ID_player`, `floor`, `x`, `y`, `description`, `qrCode`, `taken`) VALUES
(1,	1,	'Flag 1',	'2017-08-26 15:08:00',	1,	'J3NP',	1850,	850,	'vlajka u kabinetu Kriz',	'http://beacon.uhk.cz/qr/1',	16),
(2,	2,	'Flag 2',	'2016-08-14 15:57:30',	1,	'J3NP',	1800,	2420,	'vlajka u kabinetu Maly',	'http://beacon.uhk.cz/qr/2',	8),
(3,	1,	'Flag 3',	'2016-08-14 15:58:27',	1,	'J3NP',	1700,	1370,	'vlajka mezi Kriz/Maly',	'http://beacon.uhk.cz/qr/3',	9),
(4,	1,	'Flag 4',	'2016-08-15 01:26:07',	1,	'J3NP',	480,	1175,	'vlajka naproti kabinetu Horalek',	'http://beacon.uhk.cz/qr/4',	9),
(10,	2,	'test',	'2017-08-26 18:19:58',	1,	'test',	0,	0,	'test',	'test',	0);

DROP TABLE IF EXISTS `fraction`;
CREATE TABLE `fraction` (
  `ID_fraction` int(11) NOT NULL AUTO_INCREMENT,
  `name` varchar(50) CHARACTER SET utf8 NOT NULL,
  `description` varchar(500) CHARACTER SET utf8 DEFAULT NULL,
  PRIMARY KEY (`ID_fraction`),
  UNIQUE KEY `ID_fraction` (`ID_fraction`),
  UNIQUE KEY `name` (`name`)
) ENGINE=InnoDB AUTO_INCREMENT=3 DEFAULT CHARSET=utf8 COLLATE=utf8_czech_ci;

INSERT INTO `fraction` (`ID_fraction`, `name`, `description`) VALUES
(1,	'Red',	'Frakce červených'),
(2,	'Blue',	'Frakce modrých');

DROP TABLE IF EXISTS `player`;
CREATE TABLE `player` (
  `ID_player` int(11) NOT NULL AUTO_INCREMENT,
  `username` varchar(50) COLLATE utf8_czech_ci NOT NULL,
  `password` varchar(100) COLLATE utf8_czech_ci NOT NULL,
  `userId` varchar(50) CHARACTER SET utf8 DEFAULT NULL,
  `nickname` varchar(30) CHARACTER SET utf8 DEFAULT NULL,
  `ID_fraction` int(11) NOT NULL DEFAULT '1',
  `changeFractionWhen` timestamp NOT NULL DEFAULT '0000-00-00 00:00:00',
  `score` int(10) NOT NULL DEFAULT '0',
  PRIMARY KEY (`ID_player`),
  UNIQUE KEY `ID_player` (`ID_player`),
  UNIQUE KEY `username` (`username`),
  KEY `ID_fraction` (`ID_fraction`),
  CONSTRAINT `player_ibfk_2` FOREIGN KEY (`ID_fraction`) REFERENCES `fraction` (`ID_fraction`)
) ENGINE=InnoDB AUTO_INCREMENT=17 DEFAULT CHARSET=utf8 COLLATE=utf8_czech_ci;

INSERT INTO `player` (`ID_player`, `username`, `password`, `userId`, `nickname`, `ID_fraction`, `changeFractionWhen`, `score`) VALUES
(1,	'admin',	'$2a$11$/L1rMN5GpVhlqzHXB.J56OU16vhNWbCXzQlLs3jXZZa.arrVOPZ2C',	'13350139248631476317',	'LeonGoogle',	2,	'2017-03-13 17:47:21',	1),
(2,	'player',	'$2a$11$hWCJSirissUkqi0efDMREuRwcesnZCqrELnLOH.7E9v6Oa6RSn.Xa',	'12281426302668591390',	'LeonFacebook',	2,	'2017-03-13 17:47:21',	2),
(3,	'admin2',	'$2a$11$I1KBroxsDiYvUbjiTsftD.HdKocYwS7e8NQiKIJ.BnwA9Y.aGmAPq',	'dm4eJGNwQff1KwjsMbntrPbdwAS2',	'pavkriz',	1,	'2017-08-24 18:21:05',	1),
(16,	'test',	'$2a$11$vKD1.e..ycfFPH6huysUN.cUQSCT9FN1ytL80M/SICMcoY6KVhzZy',	'test',	'test',	1,	'2017-08-26 18:21:36',	0);

DROP TABLE IF EXISTS `role`;
CREATE TABLE `role` (
  `ID_role` int(11) NOT NULL AUTO_INCREMENT,
  `name` varchar(50) COLLATE utf8_czech_ci NOT NULL,
  `description` varchar(500) COLLATE utf8_czech_ci DEFAULT NULL,
  PRIMARY KEY (`ID_role`),
  UNIQUE KEY `ID_role` (`ID_role`),
  UNIQUE KEY `name` (`name`)
) ENGINE=InnoDB AUTO_INCREMENT=3 DEFAULT CHARSET=utf8 COLLATE=utf8_czech_ci;

INSERT INTO `role` (`ID_role`, `name`, `description`) VALUES
(1,	'ROLE_ADMIN',	'admin'),
(2,	'ROLE_USER',	'user');

DROP TABLE IF EXISTS `role_player`;
CREATE TABLE `role_player` (
  `ID_role` int(11) NOT NULL,
  `ID_player` int(11) NOT NULL,
  KEY `ID_role` (`ID_role`),
  KEY `ID_player` (`ID_player`),
  CONSTRAINT `role_player_ibfk_1` FOREIGN KEY (`ID_role`) REFERENCES `role` (`ID_role`),
  CONSTRAINT `role_player_ibfk_2` FOREIGN KEY (`ID_player`) REFERENCES `player` (`ID_player`)
) ENGINE=InnoDB DEFAULT CHARSET=utf8 COLLATE=utf8_czech_ci;

INSERT INTO `role_player` (`ID_role`, `ID_player`) VALUES
(1,	1),
(2,	2),
(1,	3),
(2,	16);

DROP TABLE IF EXISTS `scan`;
CREATE TABLE `scan` (
  `ID_scan` int(11) NOT NULL AUTO_INCREMENT,
  `ID_player` int(11) NOT NULL,
  `ID_fraction` int(11) NOT NULL DEFAULT '1',
  `ID_flag` int(11) NOT NULL,
  `fingerprint` mediumtext CHARACTER SET utf8 NOT NULL,
  `scanWhen` timestamp NOT NULL DEFAULT '0000-00-00 00:00:00',
  PRIMARY KEY (`ID_scan`),
  UNIQUE KEY `ID_scan` (`ID_scan`),
  KEY `ID_fingerprint` (`ID_flag`),
  KEY `ID_player` (`ID_player`),
  KEY `ID_fraction` (`ID_fraction`),
  CONSTRAINT `scan_ibfk_1` FOREIGN KEY (`ID_player`) REFERENCES `player` (`ID_player`),
  CONSTRAINT `scan_ibfk_2` FOREIGN KEY (`ID_flag`) REFERENCES `flag` (`ID_flag`),
  CONSTRAINT `scan_ibfk_3` FOREIGN KEY (`ID_fraction`) REFERENCES `fraction` (`ID_fraction`)
) ENGINE=InnoDB AUTO_INCREMENT=6 DEFAULT CHARSET=utf8 COLLATE=utf8_czech_ci;

INSERT INTO `scan` (`ID_scan`, `ID_player`, `ID_fraction`, `ID_flag`, `fingerprint`, `scanWhen`) VALUES
(1,	1,	2,	1,	'{\"accX\":0.0,\"accY\":0.0,\"accZ\":0.0,\"bleScans\":[{\"address\":\"59:2A:BE:B9:FF:C6\",\"major\":0,\"minor\":0,\"rssi\":-72,\"time\":241,\"uuid\":\"0x\"},{\"address\":\"ED:22:71:95:91:D3\",\"major\":0,\"minor\":0,\"rssi\":-90,\"time\":1184,\"uuid\":\"0x\"},{\"address\":\"59:2A:BE:B9:FF:C6\",\"major\":0,\"minor\":0,\"rssi\":-81,\"time\":1338,\"uuid\":\"0x\"},{\"address\":\"ED:22:71:95:91:D3\",\"major\":0,\"minor\":0,\"rssi\":-88,\"time\":1702,\"uuid\":\"0x\"},{\"address\":\"68:51:6F:F5:8E:53\",\"major\":0,\"minor\":0,\"rssi\":-84,\"time\":2434,\"uuid\":\"0x\"},{\"address\":\"59:2A:BE:B9:FF:C6\",\"major\":0,\"minor\":0,\"rssi\":-68,\"time\":2929,\"uuid\":\"0x\"},{\"address\":\"ED:22:71:95:91:D3\",\"major\":0,\"minor\":0,\"rssi\":-88,\"time\":3273,\"uuid\":\"0x\"},{\"address\":\"59:2A:BE:B9:FF:C6\",\"major\":0,\"minor\":0,\"rssi\":-70,\"time\":3746,\"uuid\":\"0x\"},{\"address\":\"ED:22:71:95:91:D3\",\"major\":0,\"minor\":0,\"rssi\":-86,\"time\":4333,\"uuid\":\"0x\"},{\"address\":\"59:2A:BE:B9:FF:C6\",\"major\":0,\"minor\":0,\"rssi\":-71,\"time\":4827,\"uuid\":\"0x\"},{\"address\":\"ED:22:71:95:91:D3\",\"major\":0,\"minor\":0,\"rssi\":-89,\"time\":4867,\"uuid\":\"0x\"},{\"address\":\"68:51:6F:F5:8E:53\",\"major\":0,\"minor\":0,\"rssi\":-87,\"time\":4878,\"uuid\":\"0x\"},{\"address\":\"ED:22:71:95:91:D3\",\"major\":0,\"minor\":0,\"rssi\":-87,\"time\":5889,\"uuid\":\"0x\"},{\"address\":\"59:2A:BE:B9:FF:C6\",\"major\":0,\"minor\":0,\"rssi\":-70,\"time\":6185,\"uuid\":\"0x\"},{\"address\":\"68:51:6F:F5:8E:53\",\"major\":0,\"minor\":0,\"rssi\":-88,\"time\":6238,\"uuid\":\"0x\"},{\"address\":\"59:2A:BE:B9:FF:C6\",\"major\":0,\"minor\":0,\"rssi\":-72,\"time\":7014,\"uuid\":\"0x\"},{\"address\":\"ED:22:71:95:91:D3\",\"major\":0,\"minor\":0,\"rssi\":-85,\"time\":7137,\"uuid\":\"0x\"},{\"address\":\"F5:B8:49:90:E9:F7\",\"major\":0,\"minor\":0,\"rssi\":-90,\"time\":7431,\"uuid\":\"0x\"},{\"address\":\"ED:22:71:95:91:D3\",\"major\":0,\"minor\":0,\"rssi\":-87,\"time\":8068,\"uuid\":\"0x\"},{\"address\":\"59:2A:BE:B9:FF:C6\",\"major\":0,\"minor\":0,\"rssi\":-75,\"time\":8111,\"uuid\":\"0x\"},{\"address\":\"68:51:6F:F5:8E:53\",\"major\":0,\"minor\":0,\"rssi\":-88,\"time\":8957,\"uuid\":\"0x\"},{\"address\":\"59:2A:BE:B9:FF:C6\",\"major\":0,\"minor\":0,\"rssi\":-71,\"time\":9326,\"uuid\":\"0x\"},{\"address\":\"ED:22:71:95:91:D3\",\"major\":0,\"minor\":0,\"rssi\":-91,\"time\":9331,\"uuid\":\"0x\"},{\"address\":\"68:51:6F:F5:8E:53\",\"major\":0,\"minor\":0,\"rssi\":-92,\"time\":9488,\"uuid\":\"0x\"},{\"address\":\"59:2A:BE:B9:FF:C6\",\"major\":0,\"minor\":0,\"rssi\":-79,\"time\":10398,\"uuid\":\"0x\"},{\"address\":\"68:51:6F:F5:8E:53\",\"major\":0,\"minor\":0,\"rssi\":-84,\"time\":10593,\"uuid\":\"0x\"},{\"address\":\"ED:22:71:95:91:D3\",\"major\":0,\"minor\":0,\"rssi\":-85,\"time\":10593,\"uuid\":\"0x\"},{\"address\":\"59:2A:BE:B9:FF:C6\",\"major\":0,\"minor\":0,\"rssi\":-77,\"time\":11488,\"uuid\":\"0x\"},{\"address\":\"ED:22:71:95:91:D3\",\"major\":0,\"minor\":0,\"rssi\":-85,\"time\":12036,\"uuid\":\"0x\"},{\"address\":\"ED:22:71:95:91:D3\",\"major\":0,\"minor\":0,\"rssi\":-84,\"time\":12633,\"uuid\":\"0x\"},{\"address\":\"59:2A:BE:B9:FF:C6\",\"major\":0,\"minor\":0,\"rssi\":-73,\"time\":12765,\"uuid\":\"0x\"},{\"address\":\"ED:22:71:95:91:D3\",\"major\":0,\"minor\":0,\"rssi\":-83,\"time\":13689,\"uuid\":\"0x\"},{\"address\":\"68:51:6F:F5:8E:53\",\"major\":0,\"minor\":0,\"rssi\":-86,\"time\":13845,\"uuid\":\"0x\"},{\"address\":\"59:2A:BE:B9:FF:C6\",\"major\":0,\"minor\":0,\"rssi\":-78,\"time\":14156,\"uuid\":\"0x\"},{\"address\":\"ED:22:71:95:91:D3\",\"major\":0,\"minor\":0,\"rssi\":-90,\"time\":14834,\"uuid\":\"0x\"},{\"address\":\"68:51:6F:F5:8E:53\",\"major\":0,\"minor\":0,\"rssi\":-87,\"time\":14939,\"uuid\":\"0x\"},{\"address\":\"59:2A:BE:B9:FF:C6\",\"major\":0,\"minor\":0,\"rssi\":-86,\"time\":14962,\"uuid\":\"0x\"},{\"address\":\"F5:B8:49:90:E9:F7\",\"major\":0,\"minor\":0,\"rssi\":-90,\"time\":15444,\"uuid\":\"0x\"},{\"address\":\"59:2A:BE:B9:FF:C6\",\"major\":0,\"minor\":0,\"rssi\":-74,\"time\":16045,\"uuid\":\"0x\"},{\"address\":\"ED:22:71:95:91:D3\",\"major\":0,\"minor\":0,\"rssi\":-85,\"time\":16412,\"uuid\":\"0x\"},{\"address\":\"59:2A:BE:B9:FF:C6\",\"major\":0,\"minor\":0,\"rssi\":-76,\"time\":17123,\"uuid\":\"0x\"},{\"address\":\"68:51:6F:F5:8E:53\",\"major\":0,\"minor\":0,\"rssi\":-87,\"time\":17171,\"uuid\":\"0x\"},{\"address\":\"F5:B8:49:90:E9:F7\",\"major\":0,\"minor\":0,\"rssi\":-90,\"time\":17444,\"uuid\":\"0x\"},{\"address\":\"ED:22:71:95:91:D3\",\"major\":0,\"minor\":0,\"rssi\":-88,\"time\":17584,\"uuid\":\"0x\"},{\"address\":\"59:2A:BE:B9:FF:C6\",\"major\":0,\"minor\":0,\"rssi\":-76,\"time\":18218,\"uuid\":\"0x\"},{\"address\":\"68:51:6F:F5:8E:53\",\"major\":0,\"minor\":0,\"rssi\":-89,\"time\":18249,\"uuid\":\"0x\"},{\"address\":\"ED:22:71:95:91:D3\",\"major\":0,\"minor\":0,\"rssi\":-87,\"time\":18318,\"uuid\":\"0x\"}],\"board\":\"MSM8974\",\"bootloader\":\"s1\",\"brand\":\"Sony\",\"cellScans\":[{\"cid\":-1,\"lac\":-1,\"psc\":340,\"rssi\":-99,\"time\":24,\"type\":10},{\"cid\":-1,\"lac\":-1,\"psc\":158,\"rssi\":-101,\"time\":24,\"type\":10},{\"cid\":-1,\"lac\":-1,\"psc\":424,\"rssi\":-106,\"time\":24,\"type\":10},{\"cid\":-1,\"lac\":-1,\"psc\":424,\"rssi\":-100,\"time\":5022,\"type\":10},{\"cid\":-1,\"lac\":-1,\"psc\":340,\"rssi\":-103,\"time\":5023,\"type\":10},{\"cid\":-1,\"lac\":-1,\"psc\":158,\"rssi\":-109,\"time\":5023,\"type\":10},{\"cid\":-1,\"lac\":-1,\"psc\":340,\"rssi\":-98,\"time\":10018,\"type\":10},{\"cid\":-1,\"lac\":-1,\"psc\":424,\"rssi\":-99,\"time\":10018,\"type\":10},{\"cid\":-1,\"lac\":-1,\"psc\":158,\"rssi\":-102,\"time\":10018,\"type\":10},{\"cid\":-1,\"lac\":-1,\"psc\":158,\"rssi\":-98,\"time\":15021,\"type\":10},{\"cid\":-1,\"lac\":-1,\"psc\":340,\"rssi\":-102,\"time\":15021,\"type\":10},{\"cid\":-1,\"lac\":-1,\"psc\":424,\"rssi\":-103,\"time\":15021,\"type\":10},{\"cid\":-1,\"lac\":-1,\"psc\":424,\"rssi\":-100,\"time\":20017,\"type\":10},{\"cid\":-1,\"lac\":-1,\"psc\":158,\"rssi\":-101,\"time\":20017,\"type\":10},{\"cid\":-1,\"lac\":-1,\"psc\":340,\"rssi\":-106,\"time\":20017,\"type\":10}],\"createdDate\":\"2016-10-25 10:53:35\",\"device\":\"D5503\",\"deviceID\":\"357359060161279\",\"display\":\"14.6.A.1.236\",\"fingerprint\":\"Sony/D5503/D5503:5.1.1/14.6.A.1.236/2031203603:user/release-keys\",\"gyroX\":0.0,\"gyroY\":0.0,\"gyroZ\":0.0,\"hardware\":\"qcom\",\"host\":\"BuildHost\",\"level\":\"J3NP\",\"magX\":0.0,\"magY\":0.0,\"magZ\":0.0,\"manufacturer\":\"Sony\",\"model\":\"D5503\",\"osId\":\"14.6.A.1.236\",\"product\":\"D5503\",\"serial\":\"CB5A22TM74\",\"supportsBLE\":true,\"tags\":\"release-keys\",\"type\":\"user\",\"user\":\"BuildUser\",\"wifiScans\":[{\"MAC\":\"00:1a:e3:d2:e7:6f\",\"SSID\":\"eduroam\",\"channel\":44,\"frequency\":5220,\"strength\":-72,\"technology\":\"a/n\",\"time\":102},{\"MAC\":\"00:1a:e3:d2:e7:60\",\"SSID\":\"eduroam\",\"channel\":1,\"frequency\":2412,\"strength\":-69,\"technology\":\"g/n\",\"time\":103},{\"MAC\":\"00:1a:e3:d2:e7:6f\",\"SSID\":\"eduroam\",\"channel\":44,\"frequency\":5220,\"strength\":-72,\"technology\":\"a/n\",\"time\":147},{\"MAC\":\"00:1a:e3:d2:e7:60\",\"SSID\":\"eduroam\",\"channel\":1,\"frequency\":2412,\"strength\":-69,\"technology\":\"g/n\",\"time\":147},{\"MAC\":\"00:1a:e3:d2:e7:6f\",\"SSID\":\"eduroam\",\"channel\":44,\"frequency\":5220,\"strength\":-72,\"technology\":\"a/n\",\"time\":191},{\"MAC\":\"00:1a:e3:d2:e7:60\",\"SSID\":\"eduroam\",\"channel\":1,\"frequency\":2412,\"strength\":-69,\"technology\":\"g/n\",\"time\":192},{\"MAC\":\"00:1a:e3:d2:e7:6f\",\"SSID\":\"eduroam\",\"channel\":44,\"frequency\":5220,\"strength\":-72,\"technology\":\"a/n\",\"time\":224},{\"MAC\":\"00:1a:e3:d2:e7:60\",\"SSID\":\"eduroam\",\"channel\":1,\"frequency\":2412,\"strength\":-69,\"technology\":\"g/n\",\"time\":224},{\"MAC\":\"00:1a:e3:d2:e7:6f\",\"SSID\":\"eduroam\",\"channel\":44,\"frequency\":5220,\"strength\":-72,\"technology\":\"a/n\",\"time\":254},{\"MAC\":\"00:1a:e3:d2:e7:60\",\"SSID\":\"eduroam\",\"channel\":1,\"frequency\":2412,\"strength\":-69,\"technology\":\"g/n\",\"time\":254},{\"MAC\":\"00:1a:e3:d2:e7:6f\",\"SSID\":\"eduroam\",\"channel\":44,\"frequency\":5220,\"strength\":-72,\"technology\":\"a/n\",\"time\":294},{\"MAC\":\"00:1a:e3:d2:e7:60\",\"SSID\":\"eduroam\",\"channel\":1,\"frequency\":2412,\"strength\":-69,\"technology\":\"g/n\",\"time\":294},{\"MAC\":\"00:1a:e3:d2:e7:6f\",\"SSID\":\"eduroam\",\"channel\":44,\"frequency\":5220,\"strength\":-72,\"technology\":\"a/n\",\"time\":324},{\"MAC\":\"00:1a:e3:d2:e7:60\",\"SSID\":\"eduroam\",\"channel\":1,\"frequency\":2412,\"strength\":-69,\"technology\":\"g/n\",\"time\":324},{\"MAC\":\"00:1a:e3:d2:e7:6f\",\"SSID\":\"eduroam\",\"channel\":44,\"frequency\":5220,\"strength\":-72,\"technology\":\"a/n\",\"time\":358},{\"MAC\":\"00:1a:e3:d2:e7:60\",\"SSID\":\"eduroam\",\"channel\":1,\"frequency\":2412,\"strength\":-69,\"technology\":\"g/n\",\"time\":358},{\"MAC\":\"00:1a:e3:d2:e7:6f\",\"SSID\":\"eduroam\",\"channel\":44,\"frequency\":5220,\"strength\":-72,\"technology\":\"a/n\",\"time\":392},{\"MAC\":\"00:1a:e3:d2:e7:60\",\"SSID\":\"eduroam\",\"channel\":1,\"frequency\":2412,\"strength\":-69,\"technology\":\"g/n\",\"time\":393},{\"MAC\":\"00:1a:e3:d2:e7:6f\",\"SSID\":\"eduroam\",\"channel\":44,\"frequency\":5220,\"strength\":-72,\"technology\":\"a/n\",\"time\":423},{\"MAC\":\"00:1a:e3:d2:e7:60\",\"SSID\":\"eduroam\",\"channel\":1,\"frequency\":2412,\"strength\":-69,\"technology\":\"g/n\",\"time\":423},{\"MAC\":\"00:1a:e3:d2:e7:6f\",\"SSID\":\"eduroam\",\"channel\":44,\"frequency\":5220,\"strength\":-72,\"technology\":\"a/n\",\"time\":454},{\"MAC\":\"00:1a:e3:d2:e7:60\",\"SSID\":\"eduroam\",\"channel\":1,\"frequency\":2412,\"strength\":-69,\"technology\":\"g/n\",\"time\":455},{\"MAC\":\"00:1a:e3:d2:e7:6f\",\"SSID\":\"eduroam\",\"channel\":44,\"frequency\":5220,\"strength\":-72,\"technology\":\"a/n\",\"time\":490},{\"MAC\":\"00:1a:e3:d2:e7:60\",\"SSID\":\"eduroam\",\"channel\":1,\"frequency\":2412,\"strength\":-69,\"technology\":\"g/n\",\"time\":490},{\"MAC\":\"00:1a:e3:d2:e7:6f\",\"SSID\":\"eduroam\",\"channel\":44,\"frequency\":5220,\"strength\":-72,\"technology\":\"a/n\",\"time\":532},{\"MAC\":\"00:1a:e3:d2:e7:60\",\"SSID\":\"eduroam\",\"channel\":1,\"frequency\":2412,\"strength\":-69,\"technology\":\"g/n\",\"time\":532},{\"MAC\":\"00:1a:e3:d2:e7:6f\",\"SSID\":\"eduroam\",\"channel\":44,\"frequency\":5220,\"strength\":-70,\"technology\":\"a/n\",\"time\":3694},{\"MAC\":\"00:1a:e3:d2:e7:60\",\"SSID\":\"eduroam\",\"channel\":1,\"frequency\":2412,\"strength\":-70,\"technology\":\"g/n\",\"time\":3694},{\"MAC\":\"00:1a:e3:d2:e7:6f\",\"SSID\":\"eduroam\",\"channel\":44,\"frequency\":5220,\"strength\":-70,\"technology\":\"a/n\",\"time\":3725},{\"MAC\":\"00:1a:e3:d2:e7:60\",\"SSID\":\"eduroam\",\"channel\":1,\"frequency\":2412,\"strength\":-70,\"technology\":\"g/n\",\"time\":3725},{\"MAC\":\"00:1a:e3:d2:e7:6f\",\"SSID\":\"eduroam\",\"channel\":44,\"frequency\":5220,\"strength\":-70,\"technology\":\"a/n\",\"time\":3756},{\"MAC\":\"00:1a:e3:d2:e7:60\",\"SSID\":\"eduroam\",\"channel\":1,\"frequency\":2412,\"strength\":-70,\"technology\":\"g/n\",\"time\":3756},{\"MAC\":\"00:1a:e3:d2:e7:6f\",\"SSID\":\"eduroam\",\"channel\":44,\"frequency\":5220,\"strength\":-70,\"technology\":\"a/n\",\"time\":3803},{\"MAC\":\"00:1a:e3:d2:e7:60\",\"SSID\":\"eduroam\",\"channel\":1,\"frequency\":2412,\"strength\":-70,\"technology\":\"g/n\",\"time\":3803},{\"MAC\":\"00:1a:e3:d2:e7:6f\",\"SSID\":\"eduroam\",\"channel\":44,\"frequency\":5220,\"strength\":-70,\"technology\":\"a/n\",\"time\":3837},{\"MAC\":\"00:1a:e3:d2:e7:60\",\"SSID\":\"eduroam\",\"channel\":1,\"frequency\":2412,\"strength\":-70,\"technology\":\"g/n\",\"time\":3837},{\"MAC\":\"00:1a:e3:d2:e7:6f\",\"SSID\":\"eduroam\",\"channel\":44,\"frequency\":5220,\"strength\":-70,\"technology\":\"a/n\",\"time\":3868},{\"MAC\":\"00:1a:e3:d2:e7:60\",\"SSID\":\"eduroam\",\"channel\":1,\"frequency\":2412,\"strength\":-70,\"technology\":\"g/n\",\"time\":3868},{\"MAC\":\"00:1a:e3:d2:e7:6f\",\"SSID\":\"eduroam\",\"channel\":44,\"frequency\":5220,\"strength\":-70,\"technology\":\"a/n\",\"time\":3898},{\"MAC\":\"00:1a:e3:d2:e7:60\",\"SSID\":\"eduroam\",\"channel\":1,\"frequency\":2412,\"strength\":-70,\"technology\":\"g/n\",\"time\":3898},{\"MAC\":\"00:1a:e3:d2:e7:6f\",\"SSID\":\"eduroam\",\"channel\":44,\"frequency\":5220,\"strength\":-70,\"technology\":\"a/n\",\"time\":3932},{\"MAC\":\"00:1a:e3:d2:e7:60\",\"SSID\":\"eduroam\",\"channel\":1,\"frequency\":2412,\"strength\":-70,\"technology\":\"g/n\",\"time\":3932},{\"MAC\":\"00:1a:e3:d2:e7:6f\",\"SSID\":\"eduroam\",\"channel\":44,\"frequency\":5220,\"strength\":-70,\"technology\":\"a/n\",\"time\":3971},{\"MAC\":\"00:1a:e3:d2:e7:60\",\"SSID\":\"eduroam\",\"channel\":1,\"frequency\":2412,\"strength\":-70,\"technology\":\"g/n\",\"time\":3971},{\"MAC\":\"00:1a:e3:d2:e7:6f\",\"SSID\":\"eduroam\",\"channel\":44,\"frequency\":5220,\"strength\":-70,\"technology\":\"a/n\",\"time\":4001},{\"MAC\":\"00:1a:e3:d2:e7:60\",\"SSID\":\"eduroam\",\"channel\":1,\"frequency\":2412,\"strength\":-70,\"technology\":\"g/n\",\"time\":4001},{\"MAC\":\"00:1a:e3:d2:e7:6f\",\"SSID\":\"eduroam\",\"channel\":44,\"frequency\":5220,\"strength\":-70,\"technology\":\"a/n\",\"time\":4033},{\"MAC\":\"00:1a:e3:d2:e7:60\",\"SSID\":\"eduroam\",\"channel\":1,\"frequency\":2412,\"strength\":-70,\"technology\":\"g/n\",\"time\":4033},{\"MAC\":\"00:1a:e3:d2:e7:6f\",\"SSID\":\"eduroam\",\"channel\":44,\"frequency\":5220,\"strength\":-70,\"technology\":\"a/n\",\"time\":4083},{\"MAC\":\"00:1a:e3:d2:e7:60\",\"SSID\":\"eduroam\",\"channel\":1,\"frequency\":2412,\"strength\":-70,\"technology\":\"g/n\",\"time\":4084},{\"MAC\":\"00:1a:e3:d2:e7:6f\",\"SSID\":\"eduroam\",\"channel\":44,\"frequency\":5220,\"strength\":-70,\"technology\":\"a/n\",\"time\":4115},{\"MAC\":\"00:1a:e3:d2:e7:60\",\"SSID\":\"eduroam\",\"channel\":1,\"frequency\":2412,\"strength\":-70,\"technology\":\"g/n\",\"time\":4115},{\"MAC\":\"00:1a:e3:d2:e7:6f\",\"SSID\":\"eduroam\",\"channel\":44,\"frequency\":5220,\"strength\":-70,\"technology\":\"a/n\",\"time\":4152},{\"MAC\":\"00:1a:e3:d2:e7:60\",\"SSID\":\"eduroam\",\"channel\":1,\"frequency\":2412,\"strength\":-70,\"technology\":\"g/n\",\"time\":4152},{\"MAC\":\"00:1a:e3:d2:e7:6f\",\"SSID\":\"eduroam\",\"channel\":44,\"frequency\":5220,\"strength\":-70,\"technology\":\"a/n\",\"time\":4186},{\"MAC\":\"00:1a:e3:d2:e7:60\",\"SSID\":\"eduroam\",\"channel\":1,\"frequency\":2412,\"strength\":-70,\"technology\":\"g/n\",\"time\":4186},{\"MAC\":\"00:1a:e3:d2:e7:6f\",\"SSID\":\"eduroam\",\"channel\":44,\"frequency\":5220,\"strength\":-70,\"technology\":\"a/n\",\"time\":4217},{\"MAC\":\"00:1a:e3:d2:e7:60\",\"SSID\":\"eduroam\",\"channel\":1,\"frequency\":2412,\"strength\":-70,\"technology\":\"g/n\",\"time\":4217},{\"MAC\":\"00:1a:e3:d2:e7:6f\",\"SSID\":\"eduroam\",\"channel\":44,\"frequency\":5220,\"strength\":-70,\"technology\":\"a/n\",\"time\":4251},{\"MAC\":\"00:1a:e3:d2:e7:60\",\"SSID\":\"eduroam\",\"channel\":1,\"frequency\":2412,\"strength\":-70,\"technology\":\"g/n\",\"time\":4252},{\"MAC\":\"00:1a:e3:d2:e7:6f\",\"SSID\":\"eduroam\",\"channel\":44,\"frequency\":5220,\"strength\":-70,\"technology\":\"a/n\",\"time\":4283},{\"MAC\":\"00:1a:e3:d2:e7:60\",\"SSID\":\"eduroam\",\"channel\":1,\"frequency\":2412,\"strength\":-70,\"technology\":\"g/n\",\"time\":4283},{\"MAC\":\"00:1a:e3:d2:e7:6f\",\"SSID\":\"eduroam\",\"channel\":44,\"frequency\":5220,\"strength\":-70,\"technology\":\"a/n\",\"time\":4319},{\"MAC\":\"00:1a:e3:d2:e7:60\",\"SSID\":\"eduroam\",\"channel\":1,\"frequency\":2412,\"strength\":-70,\"technology\":\"g/n\",\"time\":4319},{\"MAC\":\"00:1a:e3:d2:e7:6f\",\"SSID\":\"eduroam\",\"channel\":44,\"frequency\":5220,\"strength\":-70,\"technology\":\"a/n\",\"time\":4348},{\"MAC\":\"00:1a:e3:d2:e7:60\",\"SSID\":\"eduroam\",\"channel\":1,\"frequency\":2412,\"strength\":-70,\"technology\":\"g/n\",\"time\":4348},{\"MAC\":\"00:1a:e3:d2:e7:6f\",\"SSID\":\"eduroam\",\"channel\":44,\"frequency\":5220,\"strength\":-70,\"technology\":\"a/n\",\"time\":4382},{\"MAC\":\"00:1a:e3:d2:e7:60\",\"SSID\":\"eduroam\",\"channel\":1,\"frequency\":2412,\"strength\":-70,\"technology\":\"g/n\",\"time\":4382},{\"MAC\":\"00:1a:e3:d2:e7:6f\",\"SSID\":\"eduroam\",\"channel\":44,\"frequency\":5220,\"strength\":-70,\"technology\":\"a/n\",\"time\":4417},{\"MAC\":\"00:1a:e3:d2:e7:60\",\"SSID\":\"eduroam\",\"channel\":1,\"frequency\":2412,\"strength\":-70,\"technology\":\"g/n\",\"time\":4417},{\"MAC\":\"00:1a:e3:d2:e7:6f\",\"SSID\":\"eduroam\",\"channel\":44,\"frequency\":5220,\"strength\":-70,\"technology\":\"a/n\",\"time\":4454},{\"MAC\":\"00:1a:e3:d2:e7:60\",\"SSID\":\"eduroam\",\"channel\":1,\"frequency\":2412,\"strength\":-70,\"technology\":\"g/n\",\"time\":4454},{\"MAC\":\"00:1a:e3:d2:e7:6f\",\"SSID\":\"eduroam\",\"channel\":44,\"frequency\":5220,\"strength\":-70,\"technology\":\"a/n\",\"time\":4483},{\"MAC\":\"00:1a:e3:d2:e7:60\",\"SSID\":\"eduroam\",\"channel\":1,\"frequency\":2412,\"strength\":-70,\"technology\":\"g/n\",\"time\":4483},{\"MAC\":\"00:1a:e3:d2:e7:6f\",\"SSID\":\"eduroam\",\"channel\":44,\"frequency\":5220,\"strength\":-70,\"technology\":\"a/n\",\"time\":4516},{\"MAC\":\"00:1a:e3:d2:e7:60\",\"SSID\":\"eduroam\",\"channel\":1,\"frequency\":2412,\"strength\":-70,\"technology\":\"g/n\",\"time\":4516},{\"MAC\":\"00:1a:e3:d2:e7:6f\",\"SSID\":\"eduroam\",\"channel\":44,\"frequency\":5220,\"strength\":-70,\"technology\":\"a/n\",\"time\":4547},{\"MAC\":\"00:1a:e3:d2:e7:60\",\"SSID\":\"eduroam\",\"channel\":1,\"frequency\":2412,\"strength\":-70,\"technology\":\"g/n\",\"time\":4547},{\"MAC\":\"00:1a:e3:d2:e7:6f\",\"SSID\":\"eduroam\",\"channel\":44,\"frequency\":5220,\"strength\":-70,\"technology\":\"a/n\",\"time\":4582},{\"MAC\":\"00:1a:e3:d2:e7:60\",\"SSID\":\"eduroam\",\"channel\":1,\"frequency\":2412,\"strength\":-70,\"technology\":\"g/n\",\"time\":4582},{\"MAC\":\"00:1a:e3:d2:e7:6f\",\"SSID\":\"eduroam\",\"channel\":44,\"frequency\":5220,\"strength\":-70,\"technology\":\"a/n\",\"time\":4654},{\"MAC\":\"00:1a:e3:d2:e7:60\",\"SSID\":\"eduroam\",\"channel\":1,\"frequency\":2412,\"strength\":-70,\"technology\":\"g/n\",\"time\":4654},{\"MAC\":\"00:1a:e3:d2:e7:6f\",\"SSID\":\"eduroam\",\"channel\":44,\"frequency\":5220,\"strength\":-70,\"technology\":\"a/n\",\"time\":4678},{\"MAC\":\"00:1a:e3:d2:e7:60\",\"SSID\":\"eduroam\",\"channel\":1,\"frequency\":2412,\"strength\":-70,\"technology\":\"g/n\",\"time\":4678},{\"MAC\":\"00:1a:e3:d2:e7:6f\",\"SSID\":\"eduroam\",\"channel\":44,\"frequency\":5220,\"strength\":-70,\"technology\":\"a/n\",\"time\":4712},{\"MAC\":\"00:1a:e3:d2:e7:60\",\"SSID\":\"eduroam\",\"channel\":1,\"frequency\":2412,\"strength\":-70,\"technology\":\"g/n\",\"time\":4712},{\"MAC\":\"00:1a:e3:d2:e7:6f\",\"SSID\":\"eduroam\",\"channel\":44,\"frequency\":5220,\"strength\":-70,\"technology\":\"a/n\",\"time\":4746},{\"MAC\":\"00:1a:e3:d2:e7:60\",\"SSID\":\"eduroam\",\"channel\":1,\"frequency\":2412,\"strength\":-70,\"technology\":\"g/n\",\"time\":4746},{\"MAC\":\"00:1a:e3:d2:e7:6f\",\"SSID\":\"eduroam\",\"channel\":44,\"frequency\":5220,\"strength\":-70,\"technology\":\"a/n\",\"time\":4767},{\"MAC\":\"00:1a:e3:d2:e7:60\",\"SSID\":\"eduroam\",\"channel\":1,\"frequency\":2412,\"strength\":-70,\"technology\":\"g/n\",\"time\":4767},{\"MAC\":\"00:1a:e3:d2:e7:6f\",\"SSID\":\"eduroam\",\"channel\":44,\"frequency\":5220,\"strength\":-70,\"technology\":\"a/n\",\"time\":4791},{\"MAC\":\"00:1a:e3:d2:e7:60\",\"SSID\":\"eduroam\",\"channel\":1,\"frequency\":2412,\"strength\":-70,\"technology\":\"g/n\",\"time\":4791},{\"MAC\":\"00:1a:e3:d2:e7:6f\",\"SSID\":\"eduroam\",\"channel\":44,\"frequency\":5220,\"strength\":-70,\"technology\":\"a/n\",\"time\":4812},{\"MAC\":\"00:1a:e3:d2:e7:60\",\"SSID\":\"eduroam\",\"channel\":1,\"frequency\":2412,\"strength\":-70,\"technology\":\"g/n\",\"time\":4812},{\"MAC\":\"00:1a:e3:d2:e7:6f\",\"SSID\":\"eduroam\",\"channel\":44,\"frequency\":5220,\"strength\":-70,\"technology\":\"a/n\",\"time\":4846},{\"MAC\":\"00:1a:e3:d2:e7:60\",\"SSID\":\"eduroam\",\"channel\":1,\"frequency\":2412,\"strength\":-70,\"technology\":\"g/n\",\"time\":4846},{\"MAC\":\"00:1a:e3:d2:e7:6f\",\"SSID\":\"eduroam\",\"channel\":44,\"frequency\":5220,\"strength\":-70,\"technology\":\"a/n\",\"time\":4880},{\"MAC\":\"00:1a:e3:d2:e7:60\",\"SSID\":\"eduroam\",\"channel\":1,\"frequency\":2412,\"strength\":-70,\"technology\":\"g/n\",\"time\":4881},{\"MAC\":\"00:1a:e3:d2:e7:6f\",\"SSID\":\"eduroam\",\"channel\":44,\"frequency\":5220,\"strength\":-70,\"technology\":\"a/n\",\"time\":4909},{\"MAC\":\"00:1a:e3:d2:e7:60\",\"SSID\":\"eduroam\",\"channel\":1,\"frequency\":2412,\"strength\":-70,\"technology\":\"g/n\",\"time\":4910},{\"MAC\":\"00:1a:e3:d2:e7:6f\",\"SSID\":\"eduroam\",\"channel\":44,\"frequency\":5220,\"strength\":-70,\"technology\":\"a/n\",\"time\":4943},{\"MAC\":\"00:1a:e3:d2:e7:60\",\"SSID\":\"eduroam\",\"channel\":1,\"frequency\":2412,\"strength\":-70,\"technology\":\"g/n\",\"time\":4943},{\"MAC\":\"00:1a:e3:d2:e7:6f\",\"SSID\":\"eduroam\",\"channel\":44,\"frequency\":5220,\"strength\":-70,\"technology\":\"a/n\",\"time\":4975},{\"MAC\":\"00:1a:e3:d2:e7:60\",\"SSID\":\"eduroam\",\"channel\":1,\"frequency\":2412,\"strength\":-70,\"technology\":\"g/n\",\"time\":4975},{\"MAC\":\"00:1a:e3:d2:e7:6f\",\"SSID\":\"eduroam\",\"channel\":44,\"frequency\":5220,\"strength\":-70,\"technology\":\"a/n\",\"time\":5009},{\"MAC\":\"00:1a:e3:d2:e7:60\",\"SSID\":\"eduroam\",\"channel\":1,\"frequency\":2412,\"strength\":-70,\"technology\":\"g/n\",\"time\":5009},{\"MAC\":\"00:1a:e3:d2:e7:6f\",\"SSID\":\"eduroam\",\"channel\":44,\"frequency\":5220,\"strength\":-70,\"technology\":\"a/n\",\"time\":5086},{\"MAC\":\"00:1a:e3:d2:e7:60\",\"SSID\":\"eduroam\",\"channel\":1,\"frequency\":2412,\"strength\":-70,\"technology\":\"g/n\",\"time\":5087},{\"MAC\":\"00:1a:e3:d2:e7:6f\",\"SSID\":\"eduroam\",\"channel\":44,\"frequency\":5220,\"strength\":-70,\"technology\":\"a/n\",\"time\":5109},{\"MAC\":\"00:1a:e3:d2:e7:60\",\"SSID\":\"eduroam\",\"channel\":1,\"frequency\":2412,\"strength\":-70,\"technology\":\"g/n\",\"time\":5109},{\"MAC\":\"00:1a:e3:d2:e7:6f\",\"SSID\":\"eduroam\",\"channel\":44,\"frequency\":5220,\"strength\":-70,\"technology\":\"a/n\",\"time\":5144},{\"MAC\":\"00:1a:e3:d2:e7:60\",\"SSID\":\"eduroam\",\"channel\":1,\"frequency\":2412,\"strength\":-70,\"technology\":\"g/n\",\"time\":5144},{\"MAC\":\"00:1a:e3:d2:e7:6f\",\"SSID\":\"eduroam\",\"channel\":44,\"frequency\":5220,\"strength\":-70,\"technology\":\"a/n\",\"time\":5176},{\"MAC\":\"00:1a:e3:d2:e7:60\",\"SSID\":\"eduroam\",\"channel\":1,\"frequency\":2412,\"strength\":-70,\"technology\":\"g/n\",\"time\":5177},{\"MAC\":\"00:1a:e3:d2:e7:6f\",\"SSID\":\"eduroam\",\"channel\":44,\"frequency\":5220,\"strength\":-70,\"technology\":\"a/n\",\"time\":5209},{\"MAC\":\"00:1a:e3:d2:e7:60\",\"SSID\":\"eduroam\",\"channel\":1,\"frequency\":2412,\"strength\":-70,\"technology\":\"g/n\",\"time\":5209},{\"MAC\":\"00:1a:e3:d2:e7:6f\",\"SSID\":\"eduroam\",\"channel\":44,\"frequency\":5220,\"strength\":-70,\"technology\":\"a/n\",\"time\":5235},{\"MAC\":\"00:1a:e3:d2:e7:60\",\"SSID\":\"eduroam\",\"channel\":1,\"frequency\":2412,\"strength\":-70,\"technology\":\"g/n\",\"time\":5235},{\"MAC\":\"00:1a:e3:d2:e7:6f\",\"SSID\":\"eduroam\",\"channel\":44,\"frequency\":5220,\"strength\":-70,\"technology\":\"a/n\",\"time\":5263},{\"MAC\":\"00:1a:e3:d2:e7:60\",\"SSID\":\"eduroam\",\"channel\":1,\"frequency\":2412,\"strength\":-70,\"technology\":\"g/n\",\"time\":5263},{\"MAC\":\"00:1a:e3:d2:e7:6f\",\"SSID\":\"eduroam\",\"channel\":44,\"frequency\":5220,\"strength\":-70,\"technology\":\"a/n\",\"time\":5304},{\"MAC\":\"00:1a:e3:d2:e7:60\",\"SSID\":\"eduroam\",\"channel\":1,\"frequency\":2412,\"strength\":-70,\"technology\":\"g/n\",\"time\":5305},{\"MAC\":\"00:1a:e3:d2:e7:6f\",\"SSID\":\"eduroam\",\"channel\":44,\"frequency\":5220,\"strength\":-70,\"technology\":\"a/n\",\"time\":5329},{\"MAC\":\"00:1a:e3:d2:e7:60\",\"SSID\":\"eduroam\",\"channel\":1,\"frequency\":2412,\"strength\":-70,\"technology\":\"g/n\",\"time\":5329},{\"MAC\":\"00:1a:e3:d2:e7:6f\",\"SSID\":\"eduroam\",\"channel\":44,\"frequency\":5220,\"strength\":-70,\"technology\":\"a/n\",\"time\":5361},{\"MAC\":\"00:1a:e3:d2:e7:60\",\"SSID\":\"eduroam\",\"channel\":1,\"frequency\":2412,\"strength\":-70,\"technology\":\"g/n\",\"time\":5362},{\"MAC\":\"00:1a:e3:d2:e7:6f\",\"SSID\":\"eduroam\",\"channel\":44,\"frequency\":5220,\"strength\":-70,\"technology\":\"a/n\",\"time\":5394},{\"MAC\":\"00:1a:e3:d2:e7:60\",\"SSID\":\"eduroam\",\"channel\":1,\"frequency\":2412,\"strength\":-70,\"technology\":\"g/n\",\"time\":5394},{\"MAC\":\"00:1a:e3:d2:e7:6f\",\"SSID\":\"eduroam\",\"channel\":44,\"frequency\":5220,\"strength\":-70,\"technology\":\"a/n\",\"time\":5426},{\"MAC\":\"00:1a:e3:d2:e7:60\",\"SSID\":\"eduroam\",\"channel\":1,\"frequency\":2412,\"strength\":-70,\"technology\":\"g/n\",\"time\":5427},{\"MAC\":\"00:1a:e3:d2:e7:6f\",\"SSID\":\"eduroam\",\"channel\":44,\"frequency\":5220,\"strength\":-70,\"technology\":\"a/n\",\"time\":5463},{\"MAC\":\"00:1a:e3:d2:e7:60\",\"SSID\":\"eduroam\",\"channel\":1,\"frequency\":2412,\"strength\":-70,\"technology\":\"g/n\",\"time\":5463},{\"MAC\":\"00:1a:e3:d2:e7:6f\",\"SSID\":\"eduroam\",\"channel\":44,\"frequency\":5220,\"strength\":-70,\"technology\":\"a/n\",\"time\":5495},{\"MAC\":\"00:1a:e3:d2:e7:60\",\"SSID\":\"eduroam\",\"channel\":1,\"frequency\":2412,\"strength\":-70,\"technology\":\"g/n\",\"time\":5495},{\"MAC\":\"00:1a:e3:d2:e7:6f\",\"SSID\":\"eduroam\",\"channel\":44,\"frequency\":5220,\"strength\":-70,\"technology\":\"a/n\",\"time\":5524},{\"MAC\":\"00:1a:e3:d2:e7:60\",\"SSID\":\"eduroam\",\"channel\":1,\"frequency\":2412,\"strength\":-70,\"technology\":\"g/n\",\"time\":5524},{\"MAC\":\"00:1a:e3:d2:e7:6f\",\"SSID\":\"eduroam\",\"channel\":44,\"frequency\":5220,\"strength\":-70,\"technology\":\"a/n\",\"time\":5559},{\"MAC\":\"00:1a:e3:d2:e7:60\",\"SSID\":\"eduroam\",\"channel\":1,\"frequency\":2412,\"strength\":-70,\"technology\":\"g/n\",\"time\":5559},{\"MAC\":\"00:1a:e3:d2:e7:6f\",\"SSID\":\"eduroam\",\"channel\":44,\"frequency\":5220,\"strength\":-70,\"technology\":\"a/n\",\"time\":5599},{\"MAC\":\"00:1a:e3:d2:e7:60\",\"SSID\":\"eduroam\",\"channel\":1,\"frequency\":2412,\"strength\":-70,\"technology\":\"g/n\",\"time\":5600},{\"MAC\":\"00:1a:e3:d2:e7:6f\",\"SSID\":\"eduroam\",\"channel\":44,\"frequency\":5220,\"strength\":-70,\"technology\":\"a/n\",\"time\":5639},{\"MAC\":\"00:1a:e3:d2:e7:60\",\"SSID\":\"eduroam\",\"channel\":1,\"frequency\":2412,\"strength\":-70,\"technology\":\"g/n\",\"time\":5639},{\"MAC\":\"00:1a:e3:d2:e7:6f\",\"SSID\":\"eduroam\",\"channel\":44,\"frequency\":5220,\"strength\":-70,\"technology\":\"a/n\",\"time\":5692},{\"MAC\":\"00:1a:e3:d2:e7:60\",\"SSID\":\"eduroam\",\"channel\":1,\"frequency\":2412,\"strength\":-70,\"technology\":\"g/n\",\"time\":5692},{\"MAC\":\"00:1a:e3:d2:e7:6f\",\"SSID\":\"eduroam\",\"channel\":44,\"frequency\":5220,\"strength\":-74,\"technology\":\"a/n\",\"time\":8908},{\"MAC\":\"00:1a:e3:d2:e7:60\",\"SSID\":\"eduroam\",\"channel\":1,\"frequency\":2412,\"strength\":-70,\"technology\":\"g/n\",\"time\":8908},{\"MAC\":\"00:1a:e3:d2:e7:6f\",\"SSID\":\"eduroam\",\"channel\":44,\"frequency\":5220,\"strength\":-74,\"technology\":\"a/n\",\"time\":8942},{\"MAC\":\"00:1a:e3:d2:e7:60\",\"SSID\":\"eduroam\",\"channel\":1,\"frequency\":2412,\"strength\":-70,\"technology\":\"g/n\",\"time\":8942},{\"MAC\":\"00:1a:e3:d2:e7:6f\",\"SSID\":\"eduroam\",\"channel\":44,\"frequency\":5220,\"strength\":-74,\"technology\":\"a/n\",\"time\":8975},{\"MAC\":\"00:1a:e3:d2:e7:60\",\"SSID\":\"eduroam\",\"channel\":1,\"frequency\":2412,\"strength\":-70,\"technology\":\"g/n\",\"time\":8975},{\"MAC\":\"00:1a:e3:d2:e7:6f\",\"SSID\":\"eduroam\",\"channel\":44,\"frequency\":5220,\"strength\":-74,\"technology\":\"a/n\",\"time\":9005},{\"MAC\":\"00:1a:e3:d2:e7:60\",\"SSID\":\"eduroam\",\"channel\":1,\"frequency\":2412,\"strength\":-70,\"technology\":\"g/n\",\"time\":9006},{\"MAC\":\"00:1a:e3:d2:e7:6f\",\"SSID\":\"eduroam\",\"channel\":44,\"frequency\":5220,\"strength\":-74,\"technology\":\"a/n\",\"time\":9037},{\"MAC\":\"00:1a:e3:d2:e7:60\",\"SSID\":\"eduroam\",\"channel\":1,\"frequency\":2412,\"strength\":-70,\"technology\":\"g/n\",\"time\":9037},{\"MAC\":\"00:1a:e3:d2:e7:6f\",\"SSID\":\"eduroam\",\"channel\":44,\"frequency\":5220,\"strength\":-74,\"technology\":\"a/n\",\"time\":9070},{\"MAC\":\"00:1a:e3:d2:e7:60\",\"SSID\":\"eduroam\",\"channel\":1,\"frequency\":2412,\"strength\":-70,\"technology\":\"g/n\",\"time\":9070},{\"MAC\":\"00:1a:e3:d2:e7:6f\",\"SSID\":\"eduroam\",\"channel\":44,\"frequency\":5220,\"strength\":-74,\"technology\":\"a/n\",\"time\":9107},{\"MAC\":\"00:1a:e3:d2:e7:60\",\"SSID\":\"eduroam\",\"channel\":1,\"frequency\":2412,\"strength\":-70,\"technology\":\"g/n\",\"time\":9107},{\"MAC\":\"00:1a:e3:d2:e7:6f\",\"SSID\":\"eduroam\",\"channel\":44,\"frequency\":5220,\"strength\":-74,\"technology\":\"a/n\",\"time\":9139},{\"MAC\":\"00:1a:e3:d2:e7:60\",\"SSID\":\"eduroam\",\"channel\":1,\"frequency\":2412,\"strength\":-70,\"technology\":\"g/n\",\"time\":9139},{\"MAC\":\"00:1a:e3:d2:e7:6f\",\"SSID\":\"eduroam\",\"channel\":44,\"frequency\":5220,\"strength\":-74,\"technology\":\"a/n\",\"time\":9175},{\"MAC\":\"00:1a:e3:d2:e7:60\",\"SSID\":\"eduroam\",\"channel\":1,\"frequency\":2412,\"strength\":-70,\"technology\":\"g/n\",\"time\":9175},{\"MAC\":\"00:1a:e3:d2:e7:6f\",\"SSID\":\"eduroam\",\"channel\":44,\"frequency\":5220,\"strength\":-74,\"technology\":\"a/n\",\"time\":9206},{\"MAC\":\"00:1a:e3:d2:e7:60\",\"SSID\":\"eduroam\",\"channel\":1,\"frequency\":2412,\"strength\":-70,\"technology\":\"g/n\",\"time\":9207},{\"MAC\":\"00:1a:e3:d2:e7:6f\",\"SSID\":\"eduroam\",\"channel\":44,\"frequency\":5220,\"strength\":-74,\"technology\":\"a/n\",\"time\":9249},{\"MAC\":\"00:1a:e3:d2:e7:60\",\"SSID\":\"eduroam\",\"channel\":1,\"frequency\":2412,\"strength\":-70,\"technology\":\"g/n\",\"time\":9249},{\"MAC\":\"00:1a:e3:d2:e7:6f\",\"SSID\":\"eduroam\",\"channel\":44,\"frequency\":5220,\"strength\":-74,\"technology\":\"a/n\",\"time\":9283},{\"MAC\":\"00:1a:e3:d2:e7:60\",\"SSID\":\"eduroam\",\"channel\":1,\"frequency\":2412,\"strength\":-70,\"technology\":\"g/n\",\"time\":9283},{\"MAC\":\"00:1a:e3:d2:e7:6f\",\"SSID\":\"eduroam\",\"channel\":44,\"frequency\":5220,\"strength\":-74,\"technology\":\"a/n\",\"time\":9317},{\"MAC\":\"00:1a:e3:d2:e7:60\",\"SSID\":\"eduroam\",\"channel\":1,\"frequency\":2412,\"strength\":-70,\"technology\":\"g/n\",\"time\":9317},{\"MAC\":\"00:1a:e3:d2:e7:6f\",\"SSID\":\"eduroam\",\"channel\":44,\"frequency\":5220,\"strength\":-74,\"technology\":\"a/n\",\"time\":9351},{\"MAC\":\"00:1a:e3:d2:e7:60\",\"SSID\":\"eduroam\",\"channel\":1,\"frequency\":2412,\"strength\":-70,\"technology\":\"g/n\",\"time\":9351},{\"MAC\":\"00:1a:e3:d2:e7:6f\",\"SSID\":\"eduroam\",\"channel\":44,\"frequency\":5220,\"strength\":-74,\"technology\":\"a/n\",\"time\":9376},{\"MAC\":\"00:1a:e3:d2:e7:60\",\"SSID\":\"eduroam\",\"channel\":1,\"frequency\":2412,\"strength\":-70,\"technology\":\"g/n\",\"time\":9376},{\"MAC\":\"00:1a:e3:d2:e7:6f\",\"SSID\":\"eduroam\",\"channel\":44,\"frequency\":5220,\"strength\":-74,\"technology\":\"a/n\",\"time\":9403},{\"MAC\":\"00:1a:e3:d2:e7:60\",\"SSID\":\"eduroam\",\"channel\":1,\"frequency\":2412,\"strength\":-70,\"technology\":\"g/n\",\"time\":9403},{\"MAC\":\"00:1a:e3:d2:e7:6f\",\"SSID\":\"eduroam\",\"channel\":44,\"frequency\":5220,\"strength\":-74,\"technology\":\"a/n\",\"time\":9438},{\"MAC\":\"00:1a:e3:d2:e7:60\",\"SSID\":\"eduroam\",\"channel\":1,\"frequency\":2412,\"strength\":-70,\"technology\":\"g/n\",\"time\":9438},{\"MAC\":\"00:1a:e3:d2:e7:6f\",\"SSID\":\"eduroam\",\"channel\":44,\"frequency\":5220,\"strength\":-74,\"technology\":\"a/n\",\"time\":9469},{\"MAC\":\"00:1a:e3:d2:e7:60\",\"SSID\":\"eduroam\",\"channel\":1,\"frequency\":2412,\"strength\":-70,\"technology\":\"g/n\",\"time\":9469},{\"MAC\":\"00:1a:e3:d2:e7:6f\",\"SSID\":\"eduroam\",\"channel\":44,\"frequency\":5220,\"strength\":-74,\"technology\":\"a/n\",\"time\":9496},{\"MAC\":\"00:1a:e3:d2:e7:60\",\"SSID\":\"eduroam\",\"channel\":1,\"frequency\":2412,\"strength\":-70,\"technology\":\"g/n\",\"time\":9496},{\"MAC\":\"00:1a:e3:d2:e7:6f\",\"SSID\":\"eduroam\",\"channel\":44,\"frequency\":5220,\"strength\":-74,\"technology\":\"a/n\",\"time\":9536},{\"MAC\":\"00:1a:e3:d2:e7:60\",\"SSID\":\"eduroam\",\"channel\":1,\"frequency\":2412,\"strength\":-70,\"technology\":\"g/n\",\"time\":9536},{\"MAC\":\"00:1a:e3:d2:e7:6f\",\"SSID\":\"eduroam\",\"channel\":44,\"frequency\":5220,\"strength\":-74,\"technology\":\"a/n\",\"time\":9571},{\"MAC\":\"00:1a:e3:d2:e7:60\",\"SSID\":\"eduroam\",\"channel\":1,\"frequency\":2412,\"strength\":-70,\"technology\":\"g/n\",\"time\":9571},{\"MAC\":\"00:1a:e3:d2:e7:6f\",\"SSID\":\"eduroam\",\"channel\":44,\"frequency\":5220,\"strength\":-74,\"technology\":\"a/n\",\"time\":9601},{\"MAC\":\"00:1a:e3:d2:e7:60\",\"SSID\":\"eduroam\",\"channel\":1,\"frequency\":2412,\"strength\":-70,\"technology\":\"g/n\",\"time\":9601},{\"MAC\":\"00:1a:e3:d2:e7:6f\",\"SSID\":\"eduroam\",\"channel\":44,\"frequency\":5220,\"strength\":-74,\"technology\":\"a/n\",\"time\":9635},{\"MAC\":\"00:1a:e3:d2:e7:60\",\"SSID\":\"eduroam\",\"channel\":1,\"frequency\":2412,\"strength\":-70,\"technology\":\"g/n\",\"time\":9635},{\"MAC\":\"00:1a:e3:d2:e7:6f\",\"SSID\":\"eduroam\",\"channel\":44,\"frequency\":5220,\"strength\":-74,\"technology\":\"a/n\",\"time\":9671},{\"MAC\":\"00:1a:e3:d2:e7:60\",\"SSID\":\"eduroam\",\"channel\":1,\"frequency\":2412,\"strength\":-70,\"technology\":\"g/n\",\"time\":9671},{\"MAC\":\"00:1a:e3:d2:e7:6f\",\"SSID\":\"eduroam\",\"channel\":44,\"frequency\":5220,\"strength\":-74,\"technology\":\"a/n\",\"time\":9704},{\"MAC\":\"00:1a:e3:d2:e7:60\",\"SSID\":\"eduroam\",\"channel\":1,\"frequency\":2412,\"strength\":-70,\"technology\":\"g/n\",\"time\":9704},{\"MAC\":\"00:1a:e3:d2:e7:6f\",\"SSID\":\"eduroam\",\"channel\":44,\"frequency\":5220,\"strength\":-74,\"technology\":\"a/n\",\"time\":9738},{\"MAC\":\"00:1a:e3:d2:e7:60\",\"SSID\":\"eduroam\",\"channel\":1,\"frequency\":2412,\"strength\":-70,\"technology\":\"g/n\",\"time\":9739},{\"MAC\":\"00:1a:e3:d2:e7:6f\",\"SSID\":\"eduroam\",\"channel\":44,\"frequency\":5220,\"strength\":-74,\"technology\":\"a/n\",\"time\":9771},{\"MAC\":\"00:1a:e3:d2:e7:60\",\"SSID\":\"eduroam\",\"channel\":1,\"frequency\":2412,\"strength\":-70,\"technology\":\"g/n\",\"time\":9771},{\"MAC\":\"00:1a:e3:d2:e7:6f\",\"SSID\":\"eduroam\",\"channel\":44,\"frequency\":5220,\"strength\":-74,\"technology\":\"a/n\",\"time\":9796},{\"MAC\":\"00:1a:e3:d2:e7:60\",\"SSID\":\"eduroam\",\"channel\":1,\"frequency\":2412,\"strength\":-70,\"technology\":\"g/n\",\"time\":9797},{\"MAC\":\"00:1a:e3:d2:e7:6f\",\"SSID\":\"eduroam\",\"channel\":44,\"frequency\":5220,\"strength\":-74,\"technology\":\"a/n\",\"time\":9839},{\"MAC\":\"00:1a:e3:d2:e7:60\",\"SSID\":\"eduroam\",\"channel\":1,\"frequency\":2412,\"strength\":-70,\"technology\":\"g/n\",\"time\":9840},{\"MAC\":\"00:1a:e3:d2:e7:6f\",\"SSID\":\"eduroam\",\"channel\":44,\"frequency\":5220,\"strength\":-74,\"technology\":\"a/n\",\"time\":9873},{\"MAC\":\"00:1a:e3:d2:e7:60\",\"SSID\":\"eduroam\",\"channel\":1,\"frequency\":2412,\"strength\":-70,\"technology\":\"g/n\",\"time\":9873},{\"MAC\":\"00:1a:e3:d2:e7:6f\",\"SSID\":\"eduroam\",\"channel\":44,\"frequency\":5220,\"strength\":-74,\"technology\":\"a/n\",\"time\":9902},{\"MAC\":\"00:1a:e3:d2:e7:60\",\"SSID\":\"eduroam\",\"channel\":1,\"frequency\":2412,\"strength\":-70,\"technology\":\"g/n\",\"time\":9902},{\"MAC\":\"00:1a:e3:d2:e7:6f\",\"SSID\":\"eduroam\",\"channel\":44,\"frequency\":5220,\"strength\":-74,\"technology\":\"a/n\",\"time\":9936},{\"MAC\":\"00:1a:e3:d2:e7:60\",\"SSID\":\"eduroam\",\"channel\":1,\"frequency\":2412,\"strength\":-70,\"technology\":\"g/n\",\"time\":9937},{\"MAC\":\"00:1a:e3:d2:e7:6f\",\"SSID\":\"eduroam\",\"channel\":44,\"frequency\":5220,\"strength\":-74,\"technology\":\"a/n\",\"time\":9966},{\"MAC\":\"00:1a:e3:d2:e7:60\",\"SSID\":\"eduroam\",\"channel\":1,\"frequency\":2412,\"strength\":-70,\"technology\":\"g/n\",\"time\":9969},{\"MAC\":\"00:1a:e3:d2:e7:6f\",\"SSID\":\"eduroam\",\"channel\":44,\"frequency\":5220,\"strength\":-74,\"technology\":\"a/n\",\"time\":10000},{\"MAC\":\"00:1a:e3:d2:e7:60\",\"SSID\":\"eduroam\",\"channel\":1,\"frequency\":2412,\"strength\":-70,\"technology\":\"g/n\",\"time\":10000},{\"MAC\":\"00:1a:e3:d2:e7:6f\",\"SSID\":\"eduroam\",\"channel\":44,\"frequency\":5220,\"strength\":-74,\"technology\":\"a/n\",\"time\":10031},{\"MAC\":\"00:1a:e3:d2:e7:60\",\"SSID\":\"eduroam\",\"channel\":1,\"frequency\":2412,\"strength\":-70,\"technology\":\"g/n\",\"time\":10031},{\"MAC\":\"00:1a:e3:d2:e7:6f\",\"SSID\":\"eduroam\",\"channel\":44,\"frequency\":5220,\"strength\":-74,\"technology\":\"a/n\",\"time\":10074},{\"MAC\":\"00:1a:e3:d2:e7:60\",\"SSID\":\"eduroam\",\"channel\":1,\"frequency\":2412,\"strength\":-70,\"technology\":\"g/n\",\"time\":10074},{\"MAC\":\"00:1a:e3:d2:e7:6f\",\"SSID\":\"eduroam\",\"channel\":44,\"frequency\":5220,\"strength\":-74,\"technology\":\"a/n\",\"time\":10104},{\"MAC\":\"00:1a:e3:d2:e7:60\",\"SSID\":\"eduroam\",\"channel\":1,\"frequency\":2412,\"strength\":-70,\"technology\":\"g/n\",\"time\":10104},{\"MAC\":\"00:1a:e3:d2:e7:6f\",\"SSID\":\"eduroam\",\"channel\":44,\"frequency\":5220,\"strength\":-74,\"technology\":\"a/n\",\"time\":10131},{\"MAC\":\"00:1a:e3:d2:e7:60\",\"SSID\":\"eduroam\",\"channel\":1,\"frequency\":2412,\"strength\":-70,\"technology\":\"g/n\",\"time\":10131},{\"MAC\":\"00:1a:e3:d2:e7:6f\",\"SSID\":\"eduroam\",\"channel\":44,\"frequency\":5220,\"strength\":-74,\"technology\":\"a/n\",\"time\":10165},{\"MAC\":\"00:1a:e3:d2:e7:60\",\"SSID\":\"eduroam\",\"channel\":1,\"frequency\":2412,\"strength\":-70,\"technology\":\"g/n\",\"time\":10166},{\"MAC\":\"00:1a:e3:d2:e7:6f\",\"SSID\":\"eduroam\",\"channel\":44,\"frequency\":5220,\"strength\":-74,\"technology\":\"a/n\",\"time\":10186},{\"MAC\":\"00:1a:e3:d2:e7:60\",\"SSID\":\"eduroam\",\"channel\":1,\"frequency\":2412,\"strength\":-70,\"technology\":\"g/n\",\"time\":10186},{\"MAC\":\"00:1a:e3:d2:e7:6f\",\"SSID\":\"eduroam\",\"channel\":44,\"frequency\":5220,\"strength\":-74,\"technology\":\"a/n\",\"time\":10226},{\"MAC\":\"00:1a:e3:d2:e7:60\",\"SSID\":\"eduroam\",\"channel\":1,\"frequency\":2412,\"strength\":-70,\"technology\":\"g/n\",\"time\":10226},{\"MAC\":\"00:1a:e3:d2:e7:6f\",\"SSID\":\"eduroam\",\"channel\":44,\"frequency\":5220,\"strength\":-74,\"technology\":\"a/n\",\"time\":10256},{\"MAC\":\"00:1a:e3:d2:e7:60\",\"SSID\":\"eduroam\",\"channel\":1,\"frequency\":2412,\"strength\":-70,\"technology\":\"g/n\",\"time\":10256},{\"MAC\":\"00:1a:e3:d2:e7:6f\",\"SSID\":\"eduroam\",\"channel\":44,\"frequency\":5220,\"strength\":-74,\"technology\":\"a/n\",\"time\":10292},{\"MAC\":\"00:1a:e3:d2:e7:60\",\"SSID\":\"eduroam\",\"channel\":1,\"frequency\":2412,\"strength\":-70,\"technology\":\"g/n\",\"time\":10292},{\"MAC\":\"00:1a:e3:d2:e7:6f\",\"SSID\":\"eduroam\",\"channel\":44,\"frequency\":5220,\"strength\":-74,\"technology\":\"a/n\",\"time\":10326},{\"MAC\":\"00:1a:e3:d2:e7:60\",\"SSID\":\"eduroam\",\"channel\":1,\"frequency\":2412,\"strength\":-70,\"technology\":\"g/n\",\"time\":10326},{\"MAC\":\"00:1a:e3:d2:e7:6f\",\"SSID\":\"eduroam\",\"channel\":44,\"frequency\":5220,\"strength\":-74,\"technology\":\"a/n\",\"time\":10365},{\"MAC\":\"00:1a:e3:d2:e7:60\",\"SSID\":\"eduroam\",\"channel\":1,\"frequency\":2412,\"strength\":-70,\"technology\":\"g/n\",\"time\":10365},{\"MAC\":\"00:1a:e3:d2:e7:6f\",\"SSID\":\"eduroam\",\"channel\":44,\"frequency\":5220,\"strength\":-74,\"technology\":\"a/n\",\"time\":10393},{\"MAC\":\"00:1a:e3:d2:e7:60\",\"SSID\":\"eduroam\",\"channel\":1,\"frequency\":2412,\"strength\":-70,\"technology\":\"g/n\",\"time\":10393},{\"MAC\":\"00:1a:e3:d2:e7:6f\",\"SSID\":\"eduroam\",\"channel\":44,\"frequency\":5220,\"strength\":-74,\"technology\":\"a/n\",\"time\":10428},{\"MAC\":\"00:1a:e3:d2:e7:60\",\"SSID\":\"eduroam\",\"channel\":1,\"frequency\":2412,\"strength\":-70,\"technology\":\"g/n\",\"time\":10428},{\"MAC\":\"00:1a:e3:d2:e7:6f\",\"SSID\":\"eduroam\",\"channel\":44,\"frequency\":5220,\"strength\":-74,\"technology\":\"a/n\",\"time\":10460},{\"MAC\":\"00:1a:e3:d2:e7:60\",\"SSID\":\"eduroam\",\"channel\":1,\"frequency\":2412,\"strength\":-70,\"technology\":\"g/n\",\"time\":10460},{\"MAC\":\"00:1a:e3:d2:e7:6f\",\"SSID\":\"eduroam\",\"channel\":44,\"frequency\":5220,\"strength\":-74,\"technology\":\"a/n\",\"time\":10492},{\"MAC\":\"00:1a:e3:d2:e7:60\",\"SSID\":\"eduroam\",\"channel\":1,\"frequency\":2412,\"strength\":-70,\"technology\":\"g/n\",\"time\":10492},{\"MAC\":\"00:1a:e3:d2:e7:6f\",\"SSID\":\"eduroam\",\"channel\":44,\"frequency\":5220,\"strength\":-74,\"technology\":\"a/n\",\"time\":10526},{\"MAC\":\"00:1a:e3:d2:e7:60\",\"SSID\":\"eduroam\",\"channel\":1,\"frequency\":2412,\"strength\":-70,\"technology\":\"g/n\",\"time\":10526},{\"MAC\":\"00:1a:e3:d2:e7:6f\",\"SSID\":\"eduroam\",\"channel\":44,\"frequency\":5220,\"strength\":-74,\"technology\":\"a/n\",\"time\":10565},{\"MAC\":\"00:1a:e3:d2:e7:60\",\"SSID\":\"eduroam\",\"channel\":1,\"frequency\":2412,\"strength\":-70,\"technology\":\"g/n\",\"time\":10567},{\"MAC\":\"00:1a:e3:d2:e7:6f\",\"SSID\":\"eduroam\",\"channel\":44,\"frequency\":5220,\"strength\":-74,\"technology\":\"a/n\",\"time\":10627},{\"MAC\":\"00:1a:e3:d2:e7:60\",\"SSID\":\"eduroam\",\"channel\":1,\"frequency\":2412,\"strength\":-70,\"technology\":\"g/n\",\"time\":10627},{\"MAC\":\"00:1a:e3:d2:e7:6f\",\"SSID\":\"eduroam\",\"channel\":44,\"frequency\":5220,\"strength\":-74,\"technology\":\"a/n\",\"time\":10661},{\"MAC\":\"00:1a:e3:d2:e7:60\",\"SSID\":\"eduroam\",\"channel\":1,\"frequency\":2412,\"strength\":-70,\"technology\":\"g/n\",\"time\":10661},{\"MAC\":\"00:1a:e3:d2:e7:6f\",\"SSID\":\"eduroam\",\"channel\":44,\"frequency\":5220,\"strength\":-74,\"technology\":\"a/n\",\"time\":10694},{\"MAC\":\"00:1a:e3:d2:e7:60\",\"SSID\":\"eduroam\",\"channel\":1,\"frequency\":2412,\"strength\":-70,\"technology\":\"g/n\",\"time\":10694},{\"MAC\":\"00:1a:e3:d2:e7:6f\",\"SSID\":\"eduroam\",\"channel\":44,\"frequency\":5220,\"strength\":-74,\"technology\":\"a/n\",\"time\":10715},{\"MAC\":\"00:1a:e3:d2:e7:60\",\"SSID\":\"eduroam\",\"channel\":1,\"frequency\":2412,\"strength\":-70,\"technology\":\"g/n\",\"time\":10715},{\"MAC\":\"00:1a:e3:d2:e7:6f\",\"SSID\":\"eduroam\",\"channel\":44,\"frequency\":5220,\"strength\":-74,\"technology\":\"a/n\",\"time\":10745},{\"MAC\":\"00:1a:e3:d2:e7:60\",\"SSID\":\"eduroam\",\"channel\":1,\"frequency\":2412,\"strength\":-70,\"technology\":\"g/n\",\"time\":10745},{\"MAC\":\"00:1a:e3:d2:e7:6f\",\"SSID\":\"eduroam\",\"channel\":44,\"frequency\":5220,\"strength\":-74,\"technology\":\"a/n\",\"time\":10781},{\"MAC\":\"00:1a:e3:d2:e7:60\",\"SSID\":\"eduroam\",\"channel\":1,\"frequency\":2412,\"strength\":-70,\"technology\":\"g/n\",\"time\":10781},{\"MAC\":\"00:1a:e3:d2:e7:6f\",\"SSID\":\"eduroam\",\"channel\":44,\"frequency\":5220,\"strength\":-74,\"technology\":\"a/n\",\"time\":10812},{\"MAC\":\"00:1a:e3:d2:e7:60\",\"SSID\":\"eduroam\",\"channel\":1,\"frequency\":2412,\"strength\":-70,\"technology\":\"g/n\",\"time\":10812},{\"MAC\":\"00:1a:e3:d2:e7:6f\",\"SSID\":\"eduroam\",\"channel\":44,\"frequency\":5220,\"strength\":-74,\"technology\":\"a/n\",\"time\":10845},{\"MAC\":\"00:1a:e3:d2:e7:60\",\"SSID\":\"eduroam\",\"channel\":1,\"frequency\":2412,\"strength\":-70,\"technology\":\"g/n\",\"time\":10845},{\"MAC\":\"00:1a:e3:d2:e7:6f\",\"SSID\":\"eduroam\",\"channel\":44,\"frequency\":5220,\"strength\":-74,\"technology\":\"a/n\",\"time\":10879},{\"MAC\":\"00:1a:e3:d2:e7:60\",\"SSID\":\"eduroam\",\"channel\":1,\"frequency\":2412,\"strength\":-70,\"technology\":\"g/n\",\"time\":10879},{\"MAC\":\"00:1a:e3:d2:e7:6f\",\"SSID\":\"eduroam\",\"channel\":44,\"frequency\":5220,\"strength\":-73,\"technology\":\"a/n\",\"time\":14145},{\"MAC\":\"00:1a:e3:d2:e7:60\",\"SSID\":\"eduroam\",\"channel\":1,\"frequency\":2412,\"strength\":-71,\"technology\":\"g/n\",\"time\":14146},{\"MAC\":\"00:1a:e3:d2:e7:6f\",\"SSID\":\"eduroam\",\"channel\":44,\"frequency\":5220,\"strength\":-73,\"technology\":\"a/n\",\"time\":14186},{\"MAC\":\"00:1a:e3:d2:e7:60\",\"SSID\":\"eduroam\",\"channel\":1,\"frequency\":2412,\"strength\":-71,\"technology\":\"g/n\",\"time\":14186},{\"MAC\":\"00:1a:e3:d2:e7:6f\",\"SSID\":\"eduroam\",\"channel\":44,\"frequency\":5220,\"strength\":-73,\"technology\":\"a/n\",\"time\":14222},{\"MAC\":\"00:1a:e3:d2:e7:60\",\"SSID\":\"eduroam\",\"channel\":1,\"frequency\":2412,\"strength\":-71,\"technology\":\"g/n\",\"time\":14222},{\"MAC\":\"00:1a:e3:d2:e7:6f\",\"SSID\":\"eduroam\",\"channel\":44,\"frequency\":5220,\"strength\":-73,\"technology\":\"a/n\",\"time\":14256},{\"MAC\":\"00:1a:e3:d2:e7:60\",\"SSID\":\"eduroam\",\"channel\":1,\"frequency\":2412,\"strength\":-71,\"technology\":\"g/n\",\"time\":14256},{\"MAC\":\"00:1a:e3:d2:e7:6f\",\"SSID\":\"eduroam\",\"channel\":44,\"frequency\":5220,\"strength\":-73,\"technology\":\"a/n\",\"time\":14292},{\"MAC\":\"00:1a:e3:d2:e7:60\",\"SSID\":\"eduroam\",\"channel\":1,\"frequency\":2412,\"strength\":-71,\"technology\":\"g/n\",\"time\":14292},{\"MAC\":\"00:1a:e3:d2:e7:6f\",\"SSID\":\"eduroam\",\"channel\":44,\"frequency\":5220,\"strength\":-73,\"technology\":\"a/n\",\"time\":14325},{\"MAC\":\"00:1a:e3:d2:e7:60\",\"SSID\":\"eduroam\",\"channel\":1,\"frequency\":2412,\"strength\":-71,\"technology\":\"g/n\",\"time\":14325},{\"MAC\":\"00:1a:e3:d2:e7:6f\",\"SSID\":\"eduroam\",\"channel\":44,\"frequency\":5220,\"strength\":-73,\"technology\":\"a/n\",\"time\":14358},{\"MAC\":\"00:1a:e3:d2:e7:60\",\"SSID\":\"eduroam\",\"channel\":1,\"frequency\":2412,\"strength\":-71,\"technology\":\"g/n\",\"time\":14358},{\"MAC\":\"00:1a:e3:d2:e7:6f\",\"SSID\":\"eduroam\",\"channel\":44,\"frequency\":5220,\"strength\":-73,\"technology\":\"a/n\",\"time\":14390},{\"MAC\":\"00:1a:e3:d2:e7:60\",\"SSID\":\"eduroam\",\"channel\":1,\"frequency\":2412,\"strength\":-71,\"technology\":\"g/n\",\"time\":14390},{\"MAC\":\"00:1a:e3:d2:e7:6f\",\"SSID\":\"eduroam\",\"channel\":44,\"frequency\":5220,\"strength\":-73,\"technology\":\"a/n\",\"time\":14422},{\"MAC\":\"00:1a:e3:d2:e7:60\",\"SSID\":\"eduroam\",\"channel\":1,\"frequency\":2412,\"strength\":-71,\"technology\":\"g/n\",\"time\":14422},{\"MAC\":\"00:1a:e3:d2:e7:6f\",\"SSID\":\"eduroam\",\"channel\":44,\"frequency\":5220,\"strength\":-73,\"technology\":\"a/n\",\"time\":14457},{\"MAC\":\"00:1a:e3:d2:e7:60\",\"SSID\":\"eduroam\",\"channel\":1,\"frequency\":2412,\"strength\":-71,\"technology\":\"g/n\",\"time\":14457},{\"MAC\":\"00:1a:e3:d2:e7:6f\",\"SSID\":\"eduroam\",\"channel\":44,\"frequency\":5220,\"strength\":-73,\"technology\":\"a/n\",\"time\":14488},{\"MAC\":\"00:1a:e3:d2:e7:60\",\"SSID\":\"eduroam\",\"channel\":1,\"frequency\":2412,\"strength\":-71,\"technology\":\"g/n\",\"time\":14488},{\"MAC\":\"00:1a:e3:d2:e7:6f\",\"SSID\":\"eduroam\",\"channel\":44,\"frequency\":5220,\"strength\":-73,\"technology\":\"a/n\",\"time\":14526},{\"MAC\":\"00:1a:e3:d2:e7:60\",\"SSID\":\"eduroam\",\"channel\":1,\"frequency\":2412,\"strength\":-71,\"technology\":\"g/n\",\"time\":14526},{\"MAC\":\"00:1a:e3:d2:e7:6f\",\"SSID\":\"eduroam\",\"channel\":44,\"frequency\":5220,\"strength\":-73,\"technology\":\"a/n\",\"time\":14560},{\"MAC\":\"00:1a:e3:d2:e7:60\",\"SSID\":\"eduroam\",\"channel\":1,\"frequency\":2412,\"strength\":-71,\"technology\":\"g/n\",\"time\":14560},{\"MAC\":\"00:1a:e3:d2:e7:6f\",\"SSID\":\"eduroam\",\"channel\":44,\"frequency\":5220,\"strength\":-73,\"technology\":\"a/n\",\"time\":14584},{\"MAC\":\"00:1a:e3:d2:e7:60\",\"SSID\":\"eduroam\",\"channel\":1,\"frequency\":2412,\"strength\":-71,\"technology\":\"g/n\",\"time\":14584},{\"MAC\":\"00:1a:e3:d2:e7:6f\",\"SSID\":\"eduroam\",\"channel\":44,\"frequency\":5220,\"strength\":-73,\"technology\":\"a/n\",\"time\":14609},{\"MAC\":\"00:1a:e3:d2:e7:60\",\"SSID\":\"eduroam\",\"channel\":1,\"frequency\":2412,\"strength\":-71,\"technology\":\"g/n\",\"time\":14609},{\"MAC\":\"00:1a:e3:d2:e7:6f\",\"SSID\":\"eduroam\",\"channel\":44,\"frequency\":5220,\"strength\":-73,\"technology\":\"a/n\",\"time\":14636},{\"MAC\":\"00:1a:e3:d2:e7:60\",\"SSID\":\"eduroam\",\"channel\":1,\"frequency\":2412,\"strength\":-71,\"technology\":\"g/n\",\"time\":14636},{\"MAC\":\"00:1a:e3:d2:e7:6f\",\"SSID\":\"eduroam\",\"channel\":44,\"frequency\":5220,\"strength\":-73,\"technology\":\"a/n\",\"time\":14673},{\"MAC\":\"00:1a:e3:d2:e7:60\",\"SSID\":\"eduroam\",\"channel\":1,\"frequency\":2412,\"strength\":-71,\"technology\":\"g/n\",\"time\":14673},{\"MAC\":\"00:1a:e3:d2:e7:6f\",\"SSID\":\"eduroam\",\"channel\":44,\"frequency\":5220,\"strength\":-73,\"technology\":\"a/n\",\"time\":14700},{\"MAC\":\"00:1a:e3:d2:e7:60\",\"SSID\":\"eduroam\",\"channel\":1,\"frequency\":2412,\"strength\":-71,\"technology\":\"g/n\",\"time\":14700},{\"MAC\":\"00:1a:e3:d2:e7:6f\",\"SSID\":\"eduroam\",\"channel\":44,\"frequency\":5220,\"strength\":-73,\"technology\":\"a/n\",\"time\":14724},{\"MAC\":\"00:1a:e3:d2:e7:60\",\"SSID\":\"eduroam\",\"channel\":1,\"frequency\":2412,\"strength\":-71,\"technology\":\"g/n\",\"time\":14724},{\"MAC\":\"00:1a:e3:d2:e7:6f\",\"SSID\":\"eduroam\",\"channel\":44,\"frequency\":5220,\"strength\":-73,\"technology\":\"a/n\",\"time\":14753},{\"MAC\":\"00:1a:e3:d2:e7:60\",\"SSID\":\"eduroam\",\"channel\":1,\"frequency\":2412,\"strength\":-71,\"technology\":\"g/n\",\"time\":14753},{\"MAC\":\"00:1a:e3:d2:e7:6f\",\"SSID\":\"eduroam\",\"channel\":44,\"frequency\":5220,\"strength\":-73,\"technology\":\"a/n\",\"time\":14807},{\"MAC\":\"00:1a:e3:d2:e7:60\",\"SSID\":\"eduroam\",\"channel\":1,\"frequency\":2412,\"strength\":-71,\"technology\":\"g/n\",\"time\":14807},{\"MAC\":\"00:1a:e3:d2:e7:6f\",\"SSID\":\"eduroam\",\"channel\":44,\"frequency\":5220,\"strength\":-73,\"technology\":\"a/n\",\"time\":14837},{\"MAC\":\"00:1a:e3:d2:e7:60\",\"SSID\":\"eduroam\",\"channel\":1,\"frequency\":2412,\"strength\":-71,\"technology\":\"g/n\",\"time\":14837},{\"MAC\":\"00:1a:e3:d2:e7:6f\",\"SSID\":\"eduroam\",\"channel\":44,\"frequency\":5220,\"strength\":-73,\"technology\":\"a/n\",\"time\":14876},{\"MAC\":\"00:1a:e3:d2:e7:60\",\"SSID\":\"eduroam\",\"channel\":1,\"frequency\":2412,\"strength\":-71,\"technology\":\"g/n\",\"time\":14876},{\"MAC\":\"00:1a:e3:d2:e7:6f\",\"SSID\":\"eduroam\",\"channel\":44,\"frequency\":5220,\"strength\":-73,\"technology\":\"a/n\",\"time\":14922},{\"MAC\":\"00:1a:e3:d2:e7:60\",\"SSID\":\"eduroam\",\"channel\":1,\"frequency\":2412,\"strength\":-71,\"technology\":\"g/n\",\"time\":14922},{\"MAC\":\"00:1a:e3:d2:e7:6f\",\"SSID\":\"eduroam\",\"channel\":44,\"frequency\":5220,\"strength\":-73,\"technology\":\"a/n\",\"time\":14953},{\"MAC\":\"00:1a:e3:d2:e7:60\",\"SSID\":\"eduroam\",\"channel\":1,\"frequency\":2412,\"strength\":-71,\"technology\":\"g/n\",\"time\":14954},{\"MAC\":\"00:1a:e3:d2:e7:6f\",\"SSID\":\"eduroam\",\"channel\":44,\"frequency\":5220,\"strength\":-73,\"technology\":\"a/n\",\"time\":14986},{\"MAC\":\"00:1a:e3:d2:e7:60\",\"SSID\":\"eduroam\",\"channel\":1,\"frequency\":2412,\"strength\":-71,\"technology\":\"g/n\",\"time\":14986},{\"MAC\":\"00:1a:e3:d2:e7:6f\",\"SSID\":\"eduroam\",\"channel\":44,\"frequency\":5220,\"strength\":-73,\"technology\":\"a/n\",\"time\":15022},{\"MAC\":\"00:1a:e3:d2:e7:60\",\"SSID\":\"eduroam\",\"channel\":1,\"frequency\":2412,\"strength\":-71,\"technology\":\"g/n\",\"time\":15022},{\"MAC\":\"00:1a:e3:d2:e7:6f\",\"SSID\":\"eduroam\",\"channel\":44,\"frequency\":5220,\"strength\":-73,\"technology\":\"a/n\",\"time\":15071},{\"MAC\":\"00:1a:e3:d2:e7:60\",\"SSID\":\"eduroam\",\"channel\":1,\"frequency\":2412,\"strength\":-71,\"technology\":\"g/n\",\"time\":15071},{\"MAC\":\"00:1a:e3:d2:e7:6f\",\"SSID\":\"eduroam\",\"channel\":44,\"frequency\":5220,\"strength\":-73,\"technology\":\"a/n\",\"time\":15102},{\"MAC\":\"00:1a:e3:d2:e7:60\",\"SSID\":\"eduroam\",\"channel\":1,\"frequency\":2412,\"strength\":-71,\"technology\":\"g/n\",\"time\":15103},{\"MAC\":\"00:1a:e3:d2:e7:6f\",\"SSID\":\"eduroam\",\"channel\":44,\"frequency\":5220,\"strength\":-73,\"technology\":\"a/n\",\"time\":15143},{\"MAC\":\"00:1a:e3:d2:e7:60\",\"SSID\":\"eduroam\",\"channel\":1,\"frequency\":2412,\"strength\":-71,\"technology\":\"g/n\",\"time\":15143},{\"MAC\":\"00:1a:e3:d2:e7:6f\",\"SSID\":\"eduroam\",\"channel\":44,\"frequency\":5220,\"strength\":-73,\"technology\":\"a/n\",\"time\":15184},{\"MAC\":\"00:1a:e3:d2:e7:60\",\"SSID\":\"eduroam\",\"channel\":1,\"frequency\":2412,\"strength\":-71,\"technology\":\"g/n\",\"time\":15184},{\"MAC\":\"00:1a:e3:d2:e7:6f\",\"SSID\":\"eduroam\",\"channel\":44,\"frequency\":5220,\"strength\":-73,\"technology\":\"a/n\",\"time\":15221},{\"MAC\":\"00:1a:e3:d2:e7:60\",\"SSID\":\"eduroam\",\"channel\":1,\"frequency\":2412,\"strength\":-71,\"technology\":\"g/n\",\"time\":15221},{\"MAC\":\"00:1a:e3:d2:e7:6f\",\"SSID\":\"eduroam\",\"channel\":44,\"frequency\":5220,\"strength\":-73,\"technology\":\"a/n\",\"time\":15266},{\"MAC\":\"00:1a:e3:d2:e7:60\",\"SSID\":\"eduroam\",\"channel\":1,\"frequency\":2412,\"strength\":-71,\"technology\":\"g/n\",\"time\":15266},{\"MAC\":\"00:1a:e3:d2:e7:6f\",\"SSID\":\"eduroam\",\"channel\":44,\"frequency\":5220,\"strength\":-73,\"technology\":\"a/n\",\"time\":15299},{\"MAC\":\"00:1a:e3:d2:e7:60\",\"SSID\":\"eduroam\",\"channel\":1,\"frequency\":2412,\"strength\":-71,\"technology\":\"g/n\",\"time\":15299},{\"MAC\":\"00:1a:e3:d2:e7:6f\",\"SSID\":\"eduroam\",\"channel\":44,\"frequency\":5220,\"strength\":-73,\"technology\":\"a/n\",\"time\":15333},{\"MAC\":\"00:1a:e3:d2:e7:60\",\"SSID\":\"eduroam\",\"channel\":1,\"frequency\":2412,\"strength\":-71,\"technology\":\"g/n\",\"time\":15333},{\"MAC\":\"00:1a:e3:d2:e7:6f\",\"SSID\":\"eduroam\",\"channel\":44,\"frequency\":5220,\"strength\":-73,\"technology\":\"a/n\",\"time\":15371},{\"MAC\":\"00:1a:e3:d2:e7:60\",\"SSID\":\"eduroam\",\"channel\":1,\"frequency\":2412,\"strength\":-71,\"technology\":\"g/n\",\"time\":15371},{\"MAC\":\"00:1a:e3:d2:e7:6f\",\"SSID\":\"eduroam\",\"channel\":44,\"frequency\":5220,\"strength\":-73,\"technology\":\"a/n\",\"time\":15404},{\"MAC\":\"00:1a:e3:d2:e7:60\",\"SSID\":\"eduroam\",\"channel\":1,\"frequency\":2412,\"strength\":-71,\"technology\":\"g/n\",\"time\":15404},{\"MAC\":\"00:1a:e3:d2:e7:6f\",\"SSID\":\"eduroam\",\"channel\":44,\"frequency\":5220,\"strength\":-73,\"technology\":\"a/n\",\"time\":15438},{\"MAC\":\"00:1a:e3:d2:e7:60\",\"SSID\":\"eduroam\",\"channel\":1,\"frequency\":2412,\"strength\":-71,\"technology\":\"g/n\",\"time\":15440},{\"MAC\":\"00:1a:e3:d2:e7:6f\",\"SSID\":\"eduroam\",\"channel\":44,\"frequency\":5220,\"strength\":-73,\"technology\":\"a/n\",\"time\":15484},{\"MAC\":\"00:1a:e3:d2:e7:60\",\"SSID\":\"eduroam\",\"channel\":1,\"frequency\":2412,\"strength\":-71,\"technology\":\"g/n\",\"time\":15484},{\"MAC\":\"00:1a:e3:d2:e7:6f\",\"SSID\":\"eduroam\",\"channel\":44,\"frequency\":5220,\"strength\":-73,\"technology\":\"a/n\",\"time\":15502},{\"MAC\":\"00:1a:e3:d2:e7:60\",\"SSID\":\"eduroam\",\"channel\":1,\"frequency\":2412,\"strength\":-71,\"technology\":\"g/n\",\"time\":15502},{\"MAC\":\"00:1a:e3:d2:e7:6f\",\"SSID\":\"eduroam\",\"channel\":44,\"frequency\":5220,\"strength\":-73,\"technology\":\"a/n\",\"time\":15532},{\"MAC\":\"00:1a:e3:d2:e7:60\",\"SSID\":\"eduroam\",\"channel\":1,\"frequency\":2412,\"strength\":-71,\"technology\":\"g/n\",\"time\":15532},{\"MAC\":\"00:1a:e3:d2:e7:6f\",\"SSID\":\"eduroam\",\"channel\":44,\"frequency\":5220,\"strength\":-73,\"technology\":\"a/n\",\"time\":15557},{\"MAC\":\"00:1a:e3:d2:e7:60\",\"SSID\":\"eduroam\",\"channel\":1,\"frequency\":2412,\"strength\":-71,\"technology\":\"g/n\",\"time\":15557},{\"MAC\":\"00:1a:e3:d2:e7:6f\",\"SSID\":\"eduroam\",\"channel\":44,\"frequency\":5220,\"strength\":-73,\"technology\":\"a/n\",\"time\":15583},{\"MAC\":\"00:1a:e3:d2:e7:60\",\"SSID\":\"eduroam\",\"channel\":1,\"frequency\":2412,\"strength\":-71,\"technology\":\"g/n\",\"time\":15583},{\"MAC\":\"00:1a:e3:d2:e7:6f\",\"SSID\":\"eduroam\",\"channel\":44,\"frequency\":5220,\"strength\":-73,\"technology\":\"a/n\",\"time\":15616},{\"MAC\":\"00:1a:e3:d2:e7:60\",\"SSID\":\"eduroam\",\"channel\":1,\"frequency\":2412,\"strength\":-71,\"technology\":\"g/n\",\"time\":15616},{\"MAC\":\"00:1a:e3:d2:e7:6f\",\"SSID\":\"eduroam\",\"channel\":44,\"frequency\":5220,\"strength\":-73,\"technology\":\"a/n\",\"time\":15650},{\"MAC\":\"00:1a:e3:d2:e7:60\",\"SSID\":\"eduroam\",\"channel\":1,\"frequency\":2412,\"strength\":-71,\"technology\":\"g/n\",\"time\":15650},{\"MAC\":\"00:1a:e3:d2:e7:6f\",\"SSID\":\"eduroam\",\"channel\":44,\"frequency\":5220,\"strength\":-73,\"technology\":\"a/n\",\"time\":15677},{\"MAC\":\"00:1a:e3:d2:e7:60\",\"SSID\":\"eduroam\",\"channel\":1,\"frequency\":2412,\"strength\":-71,\"technology\":\"g/n\",\"time\":15678},{\"MAC\":\"00:1a:e3:d2:e7:6f\",\"SSID\":\"eduroam\",\"channel\":44,\"frequency\":5220,\"strength\":-73,\"technology\":\"a/n\",\"time\":15701},{\"MAC\":\"00:1a:e3:d2:e7:60\",\"SSID\":\"eduroam\",\"channel\":1,\"frequency\":2412,\"strength\":-71,\"technology\":\"g/n\",\"time\":15701},{\"MAC\":\"00:1a:e3:d2:e7:6f\",\"SSID\":\"eduroam\",\"channel\":44,\"frequency\":5220,\"strength\":-73,\"technology\":\"a/n\",\"time\":15729},{\"MAC\":\"00:1a:e3:d2:e7:60\",\"SSID\":\"eduroam\",\"channel\":1,\"frequency\":2412,\"strength\":-71,\"technology\":\"g/n\",\"time\":15730},{\"MAC\":\"00:1a:e3:d2:e7:6f\",\"SSID\":\"eduroam\",\"channel\":44,\"frequency\":5220,\"strength\":-73,\"technology\":\"a/n\",\"time\":15767},{\"MAC\":\"00:1a:e3:d2:e7:60\",\"SSID\":\"eduroam\",\"channel\":1,\"frequency\":2412,\"strength\":-71,\"technology\":\"g/n\",\"time\":15767},{\"MAC\":\"00:1a:e3:d2:e7:6f\",\"SSID\":\"eduroam\",\"channel\":44,\"frequency\":5220,\"strength\":-73,\"technology\":\"a/n\",\"time\":15803},{\"MAC\":\"00:1a:e3:d2:e7:60\",\"SSID\":\"eduroam\",\"channel\":1,\"frequency\":2412,\"strength\":-71,\"technology\":\"g/n\",\"time\":15803},{\"MAC\":\"00:1a:e3:d2:e7:6f\",\"SSID\":\"eduroam\",\"channel\":44,\"frequency\":5220,\"strength\":-73,\"technology\":\"a/n\",\"time\":15835},{\"MAC\":\"00:1a:e3:d2:e7:60\",\"SSID\":\"eduroam\",\"channel\":1,\"frequency\":2412,\"strength\":-71,\"technology\":\"g/n\",\"time\":15835},{\"MAC\":\"00:1a:e3:d2:e7:6f\",\"SSID\":\"eduroam\",\"channel\":44,\"frequency\":5220,\"strength\":-73,\"technology\":\"a/n\",\"time\":15864},{\"MAC\":\"00:1a:e3:d2:e7:60\",\"SSID\":\"eduroam\",\"channel\":1,\"frequency\":2412,\"strength\":-71,\"technology\":\"g/n\",\"time\":15865},{\"MAC\":\"00:1a:e3:d2:e7:6f\",\"SSID\":\"eduroam\",\"channel\":44,\"frequency\":5220,\"strength\":-73,\"technology\":\"a/n\",\"time\":15896},{\"MAC\":\"00:1a:e3:d2:e7:60\",\"SSID\":\"eduroam\",\"channel\":1,\"frequency\":2412,\"strength\":-71,\"technology\":\"g/n\",\"time\":15897},{\"MAC\":\"00:1a:e3:d2:e7:6f\",\"SSID\":\"eduroam\",\"channel\":44,\"frequency\":5220,\"strength\":-73,\"technology\":\"a/n\",\"time\":15931},{\"MAC\":\"00:1a:e3:d2:e7:60\",\"SSID\":\"eduroam\",\"channel\":1,\"frequency\":2412,\"strength\":-71,\"technology\":\"g/n\",\"time\":15931},{\"MAC\":\"00:1a:e3:d2:e7:6f\",\"SSID\":\"eduroam\",\"channel\":44,\"frequency\":5220,\"strength\":-73,\"technology\":\"a/n\",\"time\":15965},{\"MAC\":\"00:1a:e3:d2:e7:60\",\"SSID\":\"eduroam\",\"channel\":1,\"frequency\":2412,\"strength\":-71,\"technology\":\"g/n\",\"time\":15966},{\"MAC\":\"00:1a:e3:d2:e7:6f\",\"SSID\":\"eduroam\",\"channel\":44,\"frequency\":5220,\"strength\":-73,\"technology\":\"a/n\",\"time\":15995},{\"MAC\":\"00:1a:e3:d2:e7:60\",\"SSID\":\"eduroam\",\"channel\":1,\"frequency\":2412,\"strength\":-71,\"technology\":\"g/n\",\"time\":15995},{\"MAC\":\"00:1a:e3:d2:e7:6f\",\"SSID\":\"eduroam\",\"channel\":44,\"frequency\":5220,\"strength\":-73,\"technology\":\"a/n\",\"time\":16031},{\"MAC\":\"00:1a:e3:d2:e7:60\",\"SSID\":\"eduroam\",\"channel\":1,\"frequency\":2412,\"strength\":-71,\"technology\":\"g/n\",\"time\":16032},{\"MAC\":\"00:1a:e3:d2:e7:6f\",\"SSID\":\"eduroam\",\"channel\":44,\"frequency\":5220,\"strength\":-73,\"technology\":\"a/n\",\"time\":16062},{\"MAC\":\"00:1a:e3:d2:e7:60\",\"SSID\":\"eduroam\",\"channel\":1,\"frequency\":2412,\"strength\":-71,\"technology\":\"g/n\",\"time\":16063},{\"MAC\":\"00:1a:e3:d2:e7:6f\",\"SSID\":\"eduroam\",\"channel\":44,\"frequency\":5220,\"strength\":-73,\"technology\":\"a/n\",\"time\":16081},{\"MAC\":\"00:1a:e3:d2:e7:60\",\"SSID\":\"eduroam\",\"channel\":1,\"frequency\":2412,\"strength\":-71,\"technology\":\"g/n\",\"time\":16081},{\"MAC\":\"00:1a:e3:d2:e7:6f\",\"SSID\":\"eduroam\",\"channel\":44,\"frequency\":5220,\"strength\":-73,\"technology\":\"a/n\",\"time\":16132},{\"MAC\":\"00:1a:e3:d2:e7:60\",\"SSID\":\"eduroam\",\"channel\":1,\"frequency\":2412,\"strength\":-71,\"technology\":\"g/n\",\"time\":16132},{\"MAC\":\"00:1a:e3:d2:e7:6f\",\"SSID\":\"eduroam\",\"channel\":44,\"frequency\":5220,\"strength\":-74,\"technology\":\"a/n\",\"time\":19314},{\"MAC\":\"00:1a:e3:d2:e7:60\",\"SSID\":\"eduroam\",\"channel\":1,\"frequency\":2412,\"strength\":-71,\"technology\":\"g/n\",\"time\":19314},{\"MAC\":\"00:1a:e3:d2:e7:6f\",\"SSID\":\"eduroam\",\"channel\":44,\"frequency\":5220,\"strength\":-74,\"technology\":\"a/n\",\"time\":19363},{\"MAC\":\"00:1a:e3:d2:e7:60\",\"SSID\":\"eduroam\",\"channel\":1,\"frequency\":2412,\"strength\":-71,\"technology\":\"g/n\",\"time\":19363},{\"MAC\":\"00:1a:e3:d2:e7:6f\",\"SSID\":\"eduroam\",\"channel\":44,\"frequency\":5220,\"strength\":-74,\"technology\":\"a/n\",\"time\":19396},{\"MAC\":\"00:1a:e3:d2:e7:60\",\"SSID\":\"eduroam\",\"channel\":1,\"frequency\":2412,\"strength\":-71,\"technology\":\"g/n\",\"time\":19396},{\"MAC\":\"00:1a:e3:d2:e7:6f\",\"SSID\":\"eduroam\",\"channel\":44,\"frequency\":5220,\"strength\":-74,\"technology\":\"a/n\",\"time\":19432},{\"MAC\":\"00:1a:e3:d2:e7:60\",\"SSID\":\"eduroam\",\"channel\":1,\"frequency\":2412,\"strength\":-71,\"technology\":\"g/n\",\"time\":19433},{\"MAC\":\"00:1a:e3:d2:e7:6f\",\"SSID\":\"eduroam\",\"channel\":44,\"frequency\":5220,\"strength\":-74,\"technology\":\"a/n\",\"time\":19477},{\"MAC\":\"00:1a:e3:d2:e7:60\",\"SSID\":\"eduroam\",\"channel\":1,\"frequency\":2412,\"strength\":-71,\"technology\":\"g/n\",\"time\":19477},{\"MAC\":\"00:1a:e3:d2:e7:6f\",\"SSID\":\"eduroam\",\"channel\":44,\"frequency\":5220,\"strength\":-74,\"technology\":\"a/n\",\"time\":19510},{\"MAC\":\"00:1a:e3:d2:e7:60\",\"SSID\":\"eduroam\",\"channel\":1,\"frequency\":2412,\"strength\":-71,\"technology\":\"g/n\",\"time\":19511},{\"MAC\":\"00:1a:e3:d2:e7:6f\",\"SSID\":\"eduroam\",\"channel\":44,\"frequency\":5220,\"strength\":-74,\"technology\":\"a/n\",\"time\":19543},{\"MAC\":\"00:1a:e3:d2:e7:60\",\"SSID\":\"eduroam\",\"channel\":1,\"frequency\":2412,\"strength\":-71,\"technology\":\"g/n\",\"time\":19543},{\"MAC\":\"00:1a:e3:d2:e7:6f\",\"SSID\":\"eduroam\",\"channel\":44,\"frequency\":5220,\"strength\":-74,\"technology\":\"a/n\",\"time\":19575},{\"MAC\":\"00:1a:e3:d2:e7:60\",\"SSID\":\"eduroam\",\"channel\":1,\"frequency\":2412,\"strength\":-71,\"technology\":\"g/n\",\"time\":19575},{\"MAC\":\"00:1a:e3:d2:e7:6f\",\"SSID\":\"eduroam\",\"channel\":44,\"frequency\":5220,\"strength\":-74,\"technology\":\"a/n\",\"time\":19599},{\"MAC\":\"00:1a:e3:d2:e7:60\",\"SSID\":\"eduroam\",\"channel\":1,\"frequency\":2412,\"strength\":-71,\"technology\":\"g/n\",\"time\":19599},{\"MAC\":\"00:1a:e3:d2:e7:6f\",\"SSID\":\"eduroam\",\"channel\":44,\"frequency\":5220,\"strength\":-74,\"technology\":\"a/n\",\"time\":19631},{\"MAC\":\"00:1a:e3:d2:e7:60\",\"SSID\":\"eduroam\",\"channel\":1,\"frequency\":2412,\"strength\":-71,\"technology\":\"g/n\",\"time\":19631},{\"MAC\":\"00:1a:e3:d2:e7:6f\",\"SSID\":\"eduroam\",\"channel\":44,\"frequency\":5220,\"strength\":-74,\"technology\":\"a/n\",\"time\":19659},{\"MAC\":\"00:1a:e3:d2:e7:60\",\"SSID\":\"eduroam\",\"channel\":1,\"frequency\":2412,\"strength\":-71,\"technology\":\"g/n\",\"time\":19659},{\"MAC\":\"00:1a:e3:d2:e7:6f\",\"SSID\":\"eduroam\",\"channel\":44,\"frequency\":5220,\"strength\":-74,\"technology\":\"a/n\",\"time\":19695},{\"MAC\":\"00:1a:e3:d2:e7:60\",\"SSID\":\"eduroam\",\"channel\":1,\"frequency\":2412,\"strength\":-71,\"technology\":\"g/n\",\"time\":19695},{\"MAC\":\"00:1a:e3:d2:e7:6f\",\"SSID\":\"eduroam\",\"channel\":44,\"frequency\":5220,\"strength\":-74,\"technology\":\"a/n\",\"time\":19725},{\"MAC\":\"00:1a:e3:d2:e7:60\",\"SSID\":\"eduroam\",\"channel\":1,\"frequency\":2412,\"strength\":-71,\"technology\":\"g/n\",\"time\":19725},{\"MAC\":\"00:1a:e3:d2:e7:6f\",\"SSID\":\"eduroam\",\"channel\":44,\"frequency\":5220,\"strength\":-74,\"technology\":\"a/n\",\"time\":19758},{\"MAC\":\"00:1a:e3:d2:e7:60\",\"SSID\":\"eduroam\",\"channel\":1,\"frequency\":2412,\"strength\":-71,\"technology\":\"g/n\",\"time\":19758},{\"MAC\":\"00:1a:e3:d2:e7:6f\",\"SSID\":\"eduroam\",\"channel\":44,\"frequency\":5220,\"strength\":-74,\"technology\":\"a/n\",\"time\":19790},{\"MAC\":\"00:1a:e3:d2:e7:60\",\"SSID\":\"eduroam\",\"channel\":1,\"frequency\":2412,\"strength\":-71,\"technology\":\"g/n\",\"time\":19790},{\"MAC\":\"00:1a:e3:d2:e7:6f\",\"SSID\":\"eduroam\",\"channel\":44,\"frequency\":5220,\"strength\":-74,\"technology\":\"a/n\",\"time\":19823},{\"MAC\":\"00:1a:e3:d2:e7:60\",\"SSID\":\"eduroam\",\"channel\":1,\"frequency\":2412,\"strength\":-71,\"technology\":\"g/n\",\"time\":19823},{\"MAC\":\"00:1a:e3:d2:e7:6f\",\"SSID\":\"eduroam\",\"channel\":44,\"frequency\":5220,\"strength\":-74,\"technology\":\"a/n\",\"time\":19857},{\"MAC\":\"00:1a:e3:d2:e7:60\",\"SSID\":\"eduroam\",\"channel\":1,\"frequency\":2412,\"strength\":-71,\"technology\":\"g/n\",\"time\":19857},{\"MAC\":\"00:1a:e3:d2:e7:6f\",\"SSID\":\"eduroam\",\"channel\":44,\"frequency\":5220,\"strength\":-74,\"technology\":\"a/n\",\"time\":19891},{\"MAC\":\"00:1a:e3:d2:e7:60\",\"SSID\":\"eduroam\",\"channel\":1,\"frequency\":2412,\"strength\":-71,\"technology\":\"g/n\",\"time\":19891},{\"MAC\":\"00:1a:e3:d2:e7:6f\",\"SSID\":\"eduroam\",\"channel\":44,\"frequency\":5220,\"strength\":-74,\"technology\":\"a/n\",\"time\":19924},{\"MAC\":\"00:1a:e3:d2:e7:60\",\"SSID\":\"eduroam\",\"channel\":1,\"frequency\":2412,\"strength\":-71,\"technology\":\"g/n\",\"time\":19924},{\"MAC\":\"00:1a:e3:d2:e7:6f\",\"SSID\":\"eduroam\",\"channel\":44,\"frequency\":5220,\"strength\":-74,\"technology\":\"a/n\",\"time\":19957},{\"MAC\":\"00:1a:e3:d2:e7:60\",\"SSID\":\"eduroam\",\"channel\":1,\"frequency\":2412,\"strength\":-71,\"technology\":\"g/n\",\"time\":19957},{\"MAC\":\"00:1a:e3:d2:e7:6f\",\"SSID\":\"eduroam\",\"channel\":44,\"frequency\":5220,\"strength\":-74,\"technology\":\"a/n\",\"time\":19988},{\"MAC\":\"00:1a:e3:d2:e7:60\",\"SSID\":\"eduroam\",\"channel\":1,\"frequency\":2412,\"strength\":-71,\"technology\":\"g/n\",\"time\":19988}],\"x\":1850,\"y\":850}',	'2016-10-25 12:53:35'),
(2,	2,	1,	1,	'test',	'2017-08-26 12:21:57'),
(3,	2,	1,	1,	'test',	'2017-08-26 13:04:49'),
(4,	3,	1,	1,	'test',	'2017-08-26 17:08:06'),
(5,	16,	1,	10,	'test',	'2017-08-26 18:23:28');

-- 2017-08-26 18:25:37
